[
  {
    "Id": "202480",
    "ThreadId": "59806",
    "Html": "<p>Hi Guys,</p>\r\n<p>Just wondering if this project is alive ? Seems some people are wondering about multi-threading and upgrading to 1.4 ?&nbsp;</p>\r\n<p>Its been downloaded a lot (&gt;80K!!!) .... so can anyone share any code or help out if they have succeed ?</p>\r\n<p>?</p>",
    "PostedDate": "2009-06-17T06:28:48.267-07:00",
    "UserRole": null,
    "MarkedAsAnswerDate": null
  },
  {
    "Id": "217335",
    "ThreadId": "59806",
    "Html": "<p>&gt;80K downloads, 1 person writing the code (me).</p>\r\n<p>I just haven't had the time to keep up with it, I'm afraid.</p>\r\n<p>-- Richard</p>",
    "PostedDate": "2009-07-29T13:19:26.77-07:00",
    "UserRole": "Owner",
    "MarkedAsAnswerDate": null
  },
  {
    "Id": "230856",
    "ThreadId": "59806",
    "Html": "<p>I could help with small improvments.</p>",
    "PostedDate": "2009-09-03T13:13:54.46-07:00",
    "UserRole": null,
    "MarkedAsAnswerDate": null
  },
  {
    "Id": "363271",
    "ThreadId": "59806",
    "Html": "<p>If you need more help, this is a project I would be interested in assisting on.&nbsp; I have an interest in working with language in terms of writing analysis in terms of fiction writing.&nbsp; I've made other tools in the past that have done simple parsing and counting of words, and have been working around an idea of an application that would do far more. This looks like a nice engine to help with what I plan on doing, and would be interested in helping out to improve it.</p>\r\n<p>&nbsp;</p>\r\n<p>Tim</p>",
    "PostedDate": "2010-02-23T10:04:14.637-08:00",
    "UserRole": null,
    "MarkedAsAnswerDate": null
  },
  {
    "Id": "458215",
    "ThreadId": "59806",
    "Html": "<p>Hello everyone!</p>\r\n<p>I would like to participate in this project's development/improvement. How/where do I apply?</p>",
    "PostedDate": "2010-06-21T13:19:43.11-07:00",
    "UserRole": null,
    "MarkedAsAnswerDate": null
  },
  {
    "Id": "534711",
    "ThreadId": "59806",
    "Html": "\r\n<p>I would like to join a project</p>\r\n",
    "PostedDate": "2010-12-12T11:53:40.447-08:00",
    "UserRole": null,
    "MarkedAsAnswerDate": null
  }
]