[
  {
    "Id": "134719",
    "ThreadId": "40614",
    "Html": "Hi<div>I am unabele to run the source code. After debugging and before execuiting it shows a message box. The message box shows </div><div><br></div><div>&quot;---------------------------</div><div>Microsoft Visual Studio</div><div>---------------------------</div><div>A project with an Output Type of Class Library cannot be started directly.</div><div><br></div><div>In order to debug this project, add an executable project to this solution which references the library project. Set the executable project as the startup project.</div><div><br></div><div>&quot;  </div><div>Please help me.....</div><div><br></div><div>Thanking You </div><div>Hasibul</div>",
    "PostedDate": "2008-11-24T02:46:35.957-08:00",
    "UserRole": null,
    "MarkedAsAnswerDate": null
  }
]