[
  {
    "Id": "1317447",
    "ThreadId": "570852",
    "Html": "I have an updated port of opennlp, which have all the features of opennlp v1.6.0 (released last week) + some additions and improvements.<br />\n<br />\nAt the moment there are no known bugs, and all 325 tests are passing flawlessly.<br />\n<br />\n<br />\nProject: <a href=\"https://github.com/knuppe/SharpNL\" rel=\"nofollow\">https://github.com/knuppe/SharpNL</a><br />\nNuGet: <a href=\"https://www.nuget.org/packages/Knuppe.SharpNL/\" rel=\"nofollow\">https://www.nuget.org/packages/Knuppe.SharpNL/</a><br />\n<br />\n<strong>* Updated 2015-07-19</strong><br />\n<br />\nGustavo K.<br />\n",
    "PostedDate": "2014-10-29T11:39:17.03-07:00",
    "UserRole": null,
    "MarkedAsAnswerDate": null
  },
  {
    "Id": "1435026",
    "ThreadId": "570852",
    "Html": "SharpNL 1.1 was released via nuget, and it has a few advantages over the outdated SharpNLP.<br />\n<ul>\n<li>It uses the native OpenLP models (no need to create nbin files).</li>\n<li>No need to worry about IKVM (unknown bugs, memory leaks, and other issues)</li>\n<li>Re-written from scratch by hand.</li>\n<li>\nCurrently updated and maintained.<br />\n</li>\n</ul>\nBest Regards.\r<br />\nGustavo K.<br />\n",
    "PostedDate": "2015-07-19T16:06:31.067-07:00",
    "UserRole": null,
    "MarkedAsAnswerDate": null
  }
]