[
  {
    "Id": "1079324",
    "ThreadId": "453100",
    "Html": "Hi Everyone,\r<br />\nWhat's the socially correct way to contribute back and/or continue this project?  It looks like neither of developers want to be contacted directly.  Since I went to the trouble of getting the nbin files in the right place and doing the same with the wordnet dict dependencies, I'd like to upload a VS2012 solution I have running that includes these requisite files as part of the solution ... something people can download and have it &quot;just work&quot;.   But I also have no interest in offending the people that did all the work. <br />\n\r<br />\nAny advice or input on this appreciated.\r<br />\n<br />\nThanks,\r<br />\nDave Gerding<br />\n",
    "PostedDate": "2013-08-11T14:36:25.503-07:00",
    "UserRole": null,
    "MarkedAsAnswerDate": null
  },
  {
    "Id": "1097157",
    "ThreadId": "453100",
    "Html": "Honestly, I'd say to copy the repo and move it to Github.  As long as you maintain the licence and reference this original project, I can't see the issue, considering the project is pretty much dead now.<br />\n",
    "PostedDate": "2013-09-20T12:04:04.603-07:00",
    "UserRole": null,
    "MarkedAsAnswerDate": null
  }
]