[
  {
    "Id": "840714",
    "ThreadId": "357078",
    "Html": "\r\n<p>I have modified the codes to make it thread safe and also fix some bugs a while back. If anyone have interest I can dig it out and share it when I have time. I also modified netspell and make it much faster(about 10 times according to my coworker's test)\r\n and threadsafe.</p>\r\n",
    "PostedDate": "2012-05-24T19:15:00.073-07:00",
    "UserRole": null,
    "MarkedAsAnswerDate": null
  },
  {
    "Id": "849586",
    "ThreadId": "357078",
    "Html": "<p>Sounds interesting. Could you share your code with us?</p>",
    "PostedDate": "2012-06-15T08:42:40.233-07:00",
    "UserRole": null,
    "MarkedAsAnswerDate": null
  }
]