[
  {
    "Id": "636206",
    "ThreadId": "263620",
    "Html": "\r\n<p>&nbsp;</p>\r\n<p>** PLEASE NOTE: THIS IS NOW OUT OF DATE.**<br>\r\n**FOR V 1.5.2 PLEASE SEE <a title=\"THIS POST\" href=\"http://sharpnlp.codeplex.com/discussions/263620#post893544\">\r\nTHIS POST</a> FURTHER DOWN FOR NEWER INSTRUCTIONS **</p>\r\n<p>Hi,<br>\r\nHere is an alternative to to porting the java OpenNlp code to C#.</p>\r\n<p>Using the amazing IKVM&nbsp; <a title=\"http://www.ikvm.net/index.html\" href=\"http://www.ikvm.net/index.html\" target=\"_blank\">\r\nhttp://www.ikvm.net/index.html</a> the java files can be converted to a .Net assembly (dll).<br>\r\nThus allowing you to use the latest releases of Opennlp from C# (or any other .net language).<br>\r\nI have done this, and so far it is working very well.</p>\r\n<p>Here is a quick guide if you're interested.&nbsp; (Don't forget to unblock any downloaded files)</p>\r\n<ul>\r\n<li>Download &amp; extract the latest OpenNlp release from <a title=\"http://opennlp.apache.org/cgi-bin/download.cgi\" href=\"http://opennlp.apache.org/cgi-bin/download.cgi\">\r\nhttp://opennlp.apache.org/cgi-bin/download.cgi</a> . At the time of writing this is&nbsp;\r\n<strong><em>apache-opennlp-1.5.1-incubating-bin.zip </em></strong></li><li>The three .jar&nbsp; files (<strong><em>opennlp-maxent-3.0.1-incubating.jar, &nbsp; jwnl-1.3.3.jar, &nbsp; opennlp-tools-1.5.1-incubating.jar</em></strong>) in the lib folder can be used to compile a .net assembly as follows.\r\n</li></ul>\r\n<ul>\r\n<li>Download &amp; extract the latest IKVM from <a title=\"http://sourceforge.net/projects/ikvm/files/\" href=\"http://sourceforge.net/projects/ikvm/files/\" target=\"_blank\">\r\nhttp://sourceforge.net/projects/ikvm/files/</a>&nbsp; At the time of writing this is<strong><em> ikvmbin-0.46.0.1.zip</em></strong>\r\n</li><li>For simplicity, copy the three .jar files above into the<strong><em> ikvmbin-0.46.0.1/bin</em></strong> folder\r\n</li><li>From a command window, In the <strong><em>ikvmbin-0.46.0.1/bin</em></strong> folder use IKVMC &amp; the above three jar files&nbsp; make the\r\n<em><strong>opennlp.dll</strong></em> as follows: </li><li><em><strong>ikvmc -target:library -assembly:opennlp opennlp-maxent-3.0.1-incubating.jar jwnl-1.3.3.jar&nbsp; opennlp-tools-1.5.1-incubating.jar</strong></em>\r\n</li><li>Copy the following from the<strong><em> ikvmbin-0.46.0.1/bin</em></strong> folder to your project folder (or the folder of your choice)\r\n<br>\r\n<ul>\r\n<li>&nbsp;opennlp.dll (the assembly you have just created) </li><li>IKVM.Runtime.dll </li><li>IKVM.OpenJDK.Core.dll </li><li>IKVM.OpenJDK.Jdbc.dll </li><li>IKVM.OpenJDK.Text.dll </li><li>IKVM.OpenJDK.Util.dll </li><li>IKVM.OpenJDK.XML.API.dll </li></ul>\r\n(I found using reflection which IKVM dll's are referenced in the opennlp.dll ) </li></ul>\r\n<p>Add references to these assemblies in your project &amp; use at will :-)</p>\r\n<p>You will need the models for your language from<a title=\"http://opennlp.sourceforge.net/models-1.5/\" href=\"http://opennlp.sourceforge.net/models-1.5/\" target=\"_blank\"> http://opennlp.sourceforge.net/models-1.5/</a></p>\r\n<p>The OpenNlp manual is a good place to start <a title=\"http://incubator.apache.org/opennlp/documentation/manual/opennlp.html\" href=\"http://incubator.apache.org/opennlp/documentation/manual/opennlp.html\" target=\"_blank\">\r\nhttp://incubator.apache.org/opennlp/documentation/manual/opennlp.html</a>&nbsp;</p>\r\n<p>Note: This is still a java in .net clothes, so care has to be taken over some things.<br>\r\ne.g when loading models the inputstreams are java types (referenced from the assemblies above)</p>\r\n<pre>string modelpath = &quot;C:\\models\\&quot;;  \\\\Wherever you've stored your downloaded models<br>java.io.FileInputStream modelInpStream = new java.io.FileInputStream(ModelPath &#43; &quot;en-sent.bin&quot;);<br>opennlp.tools.sentdetect.SentenceModel sentenceModel =new opennlp.tools.sentdetect.SentenceModel(modelInpStream);<br>opennlp.tools.sentdetect.SentenceDetectorME SentenceDetectorME=new opennlp.tools.sentdetect.SentenceDetectorME(sentenceModel); <br></pre>\r\n<p>Mostly though it seems to be very straightforward &amp; works well.</p>\r\n<p>Once set up it takes only a few seconds to create an opennlp.dll assembly from the latest releases<br>\r\nand so it is very easy to keep it bang up to date.</p>\r\n<p>Hope this may be of use to someone.</p>\r\n<p>Cheers</p>\r\n<p>Paul</p>\r\n<p>&nbsp;</p>\r\n<ul>\r\n</ul>\r\n",
    "PostedDate": "2011-07-01T13:42:17.46-07:00",
    "UserRole": null,
    "MarkedAsAnswerDate": null
  },
  {
    "Id": "638501",
    "ThreadId": "263620",
    "Html": "<p>I've followed your instruction, and success with the Sentence Detector. But I can't use the POS Tagger. When I load the model (try both <a href=\"http://opennlp.sourceforge.net/models-1.5/en-pos-maxent.bin\">Maxent</a> and <a href=\"http://opennlp.sourceforge.net/models-1.5/en-pos-perceptron.bin\">Perceptron</a>), it throws the exception \"The profile data stream has an invalid format!\" at the following step:</p>\r\n<p style=\"padding-left: 30px;\">java.io.FileInputStream modelInpStreamPOS = new java.io.FileInputStream(\"en-pos-maxent.bin\");<br />opennlp.tools.postag.POSModel posmodel = new opennlp.tools.postag.POSModel(modelInpStreamPOS);&nbsp; <span style=\"color: #ff0000;\">&gt;&gt;&gt;&gt;&gt; Throw exception here</span></p>\r\n<p>Hope you can check this. Thank you!</p>\r\n<p>Inuris</p>",
    "PostedDate": "2011-07-06T18:42:50.997-07:00",
    "UserRole": null,
    "MarkedAsAnswerDate": null
  },
  {
    "Id": "638861",
    "ThreadId": "263620",
    "Html": "<p>Hi,<br />Ah yes, i had this problem too, but forgot to mention it.&nbsp; (oops!)<br />I'm not sure if this will affect things, but i fixed this as follows.<br />The file<span style=\"text-decoration: underline;\"><em><strong> en-pos-maxent.bin</strong></em></span> is actually a zip archive.<br /><br />If you examine the contents of this zip file it has three files (the others seem to only have 2)<br /><strong><em>manifest.properties</em></strong>,&nbsp;&nbsp; <em><strong>tags.tagdict</strong></em>,&nbsp; &amp;&nbsp; <em><strong>pos.model</strong></em><br />Delete the <em><strong>tags.tagdict</strong></em> from the zipfile so that it only contains manifest.properties &amp; pos.model<br />Note: Don't actually unzip&nbsp;<span style=\"text-decoration: underline;\"><em><strong> en-pos-maxent.bin</strong></em></span> just delete<em><strong> tags.dagdict</strong></em>, so that&nbsp;<span style=\"text-decoration: underline;\"><em><strong> en-pos-maxent.bin</strong></em></span> remains a Zip archive.<br /><br />It then works fine, hopefully :-)<br />Hope that helps.<br />Paul</p>\r\n<p>P.S.<br />I've successfully used Splitting, Tokenising, POS Tagging &amp; Chunking, but have not had time to figure out using the parser yet.<br />The parser seems to have changed quite a bit&nbsp; in 1.5.1 &amp; the docs seem a bit vague.<br />If anyone has got a working example, i would be very grateful if you could share it. <br />Cheers</p>\r\n<p>&nbsp;</p>",
    "PostedDate": "2011-07-07T09:59:15.043-07:00",
    "UserRole": null,
    "MarkedAsAnswerDate": null
  },
  {
    "Id": "806036",
    "ThreadId": "263620",
    "Html": "<p>Thank you! this has been really helpful!&nbsp;</p>",
    "PostedDate": "2012-03-06T01:00:16.717-08:00",
    "UserRole": null,
    "MarkedAsAnswerDate": null
  },
  {
    "Id": "806091",
    "ThreadId": "263620",
    "Html": "<p>You are very welcome.&nbsp; 8-)</p>",
    "PostedDate": "2012-03-06T02:09:45.767-08:00",
    "UserRole": null,
    "MarkedAsAnswerDate": null
  },
  {
    "Id": "830818",
    "ThreadId": "263620",
    "Html": "<p>Just as an update here, I followed your instructions but also needed to include the IKVM.OpenJDK.Charsets dll for the models to actually read in the FileInputStream successfully. Otherwise, I got a charset exception. Everything else was perfect, this was really useful. Thanks!</p>",
    "PostedDate": "2012-05-01T15:19:52.57-07:00",
    "UserRole": null,
    "MarkedAsAnswerDate": null
  },
  {
    "Id": "831224",
    "ThreadId": "263620",
    "Html": "<p>Thanks for the heads up on Charsets.</p>\r\n<p>Glad it was useful to you.</p>\r\n<p>Cheers</p>",
    "PostedDate": "2012-05-02T10:33:30.95-07:00",
    "UserRole": null,
    "MarkedAsAnswerDate": null
  },
  {
    "Id": "832304",
    "ThreadId": "263620",
    "Html": "<p><span style=\"color: black; font-size: 10pt;\">Do you have a working copy of this that you are willing to share? I'm looking for some libraries I can use to extract verbs and nouns (in that order) from paragraphs of text. This would help me identify potential functions. Functions are made up of action verbs and target (measurable) nouns such as: Lift Weight, Support Weight, Open Circuit, Close Circuit, Control Flow, Separate Fluids, etc.</span></p>\r\n<p><span style=\"color: black; font-size: 10pt;\">I have very limited time and resources, and was hoping I could find some libraries to help with this.</span></p>\r\n<p><span style=\"color: black; font-size: 10pt;\">Thanks.</span></p>",
    "PostedDate": "2012-05-04T11:38:44.257-07:00",
    "UserRole": null,
    "MarkedAsAnswerDate": null
  },
  {
    "Id": "832544",
    "ThreadId": "263620",
    "Html": "<p>I have a VERY basic demo program that i quickly knocked up. It might be of some use to you.<br />It doesn't do any parsing, but does do basic Splitting, Tokenizing, Pos Tagging &amp; very basic Chunking.<br />It's VERY quick 'n' dirty, but you're welcome to a copy if it helps (i'm not sure if it will)<br />The opennlp.dll made using the method outlined in my original post was made with 1.5.1, so it's a bit out of date.<br />Unfortunately,&nbsp; I'm to busy to spend any time on this at the moment<br /><br />I've bundled it all up as a c# Winforms project already compiled so you can just extract it (don't forget to unblock the zip file first)&nbsp; &amp; run the Nlp.exe In the Bin\\debug folder. Of course the source code is included as well.<br />The models are in there too in the debug folder, the program expects the model folder to be in the same folder as nlp.exe (i said it was quick &amp; dirty ;-)<br /><br />Here's the file (it's ~95Mb !! as it includes the models)&nbsp; <a title=\"http://dl.dropbox.com/u/24630720/Nlp.zip\" href=\"http://dl.dropbox.com/u/24630720/Nlp.zip\">http://dl.dropbox.com/u/24630720/Nlp.zip</a><br />Hope you find it useful.<br /><br />Cheers<br />Greeny</p>",
    "PostedDate": "2012-05-05T11:03:53.8-07:00",
    "UserRole": null,
    "MarkedAsAnswerDate": null
  },
  {
    "Id": "893144",
    "ThreadId": "263620",
    "Html": "<p>I cannot seem to get your solution to work. &nbsp;I keep getting this handy little error. &nbsp;Any ideas what i'm missing?</p>\r\n<p>&nbsp;</p>\r\n<p>...\\NLP\\ikvm-7.0.4335.0\\bin&gt; ikvmc -target:library-assembly:opennlp opennlp-maxent-3.0.2-incubating.jar jwnl-1.3.3.jar opennlp-tools-1.5.2-incubating.jar</p>\r\n<p><br />Unhandled Exception: System.ArgumentException: Index was out of range. Must be non-negative and less than the size of the collection.&nbsp; &nbsp;</p>\r\n<p>at System.Security.Util.Hex.ConvertHexDigit(Char val)<br />at System.Security.Util.Hex.DecodeHexString(String hexString)&nbsp; &nbsp;<br />at System.Security.Policy.StrongNameMembershipCondition.ParseKeyBlob()&nbsp; &nbsp;<br />at System.Security.Policy.StrongNameMembershipCondition.get_PublicKey()&nbsp; &nbsp;<br />at System.Security.Policy.StrongNameMembershipCondition.System.Security.Policy.IReportMatchMembershipCondition.Check(Evidence evidence, Object&amp; usedEvidence)</p>\r\n<p>at System.Security.Policy.PolicyLevel.IsFullTrustAssembly(ArrayList fullTrustAssemblies, Evidence evidence)&nbsp; &nbsp;<br />at System.Security.Policy.PolicyLevel.Resolve(Evidence evidence, Int32 count,&nbsp;Char[] serializedEvidence)&nbsp; &nbsp;<br />at System.Security.PolicyManager.CodeGroupResolve(Evidence evidence, BooleansystemPolicy)&nbsp; &nbsp;<br />at System.Security.PolicyManager.ResolveHelper(Evidence evidence)&nbsp; &nbsp;<br />at System.Security.PolicyManager.Resolve(Evidence evidence)&nbsp; &nbsp;<br />at System.Security.SecurityManager.ResolvePolicy(Evidence evidence, PermissionSet reqdPset, PermissionSet optPset, PermissionSet denyPset, PermissionSet&amp; denied, Boolean checkExecutionPermission)&nbsp; &nbsp;<br />at System.Security.SecurityManager.ResolvePolicy(Evidence evidence, PermissionSet reqdPset, PermissionSet optPset, PermissionSet denyPset, PermissionSet&amp; denied, Int32&amp; securitySpecialFlags, Boolean checkExecutionPermission)</p>",
    "PostedDate": "2012-07-30T09:40:13.057-07:00",
    "UserRole": null,
    "MarkedAsAnswerDate": null
  },
  {
    "Id": "893542",
    "ThreadId": "263620",
    "Html": "\r\n<p>Hi,<br>\r\n<br>\r\nI'm not sure what the problem is. Two things spring to mind.<br>\r\nDid you unblock all the zip files you downloaded? (some of the messages are security related)<br>\r\nThere is a more current version of IKVM available (7.1.4532.2) that might help.<br>\r\n<br>\r\nAlso 1.5.2 introduces dependencies that make the whole job a bit more complicated<br>\r\nI have posted an updated method below which works ok for me.<br>\r\nhopefully it will work for you too.<br>\r\n<br>\r\nCheers<br>\r\nPaul</p>\r\n",
    "PostedDate": "2012-07-31T04:22:00.98-07:00",
    "UserRole": null,
    "MarkedAsAnswerDate": null
  },
  {
    "Id": "893544",
    "ThreadId": "263620",
    "Html": "\r\n<p>UPDATE FOR VERSION 1.5.2</p>\r\n<p>&nbsp;</p>\r\n<p>Hi,<br>\r\nHere is an alternative to to porting the java OpenNlp code to C#.</p>\r\n<p>Using the amazing IKVM&nbsp; <a href=\"http://www.ikvm.net/index.html\" target=\"_blank\">\r\nhttp://www.ikvm.net/index.html</a> the java files can be converted to a .Net assembly (dll).<br>\r\nThus allowing you to use the latest releases of Opennlp from C# (or any other .net language).<br>\r\nI have done this, and so far it is working very well.</p>\r\n<p>Here is a quick guide if you're interested.&nbsp;</p>\r\n<p>(Don't forget to unblock any downloaded files, by right clicking on Zip file &ndash; Properties - Unblock)</p>\r\n<ul>\r\n<li>\r\n<p style=\"margin-bottom:0cm\">Download &amp; extract the latest OpenNlp release from\r\n<a title=\"http://opennlp.apache.org/cgi-bin/download.cgi\" href=\"http://opennlp.apache.org/cgi-bin/download.cgi\">\r\nhttp://opennlp.apache.org/cgi-bin/download.cgi</a> . At the time of writing this is&nbsp;\r\n<em>apache-opennlp-1.5.2-incubating-bin.zip </em></p>\r\n</li><li>\r\n<p>The four .jar&nbsp; files (<strong><em>opennlp-maxent-3.0.2-incubating.jar, &nbsp; jwnl-1.3.3.jar, &nbsp; opennlp-tools-1.5.2-incubating.jar, opennlp-uima-1.5.2-incubating.jar\r\n</em></strong>) in the lib folder can be used to compile a .net assembly as follows.</p>\r\n</li></ul>\r\n<ul>\r\n<li>\r\n<p style=\"margin-bottom:0cm\">Download &amp; Extract Apache UIMA sdk from <a href=\"http://uima.apache.org/downloads.cgi#Latest%20Official%20Releases\">\r\nhttp://uima.apache.org/downloads.cgi#Latest%20Official%20Releases</a> At the time of writing this is\r\n<strong>uimaj-2.4.0-bin.zip</strong></p>\r\n<p style=\"margin-bottom:0cm; font-weight:normal\">The jar file required is <strong>\r\nuima-core.jar&nbsp;</strong> in the lib folder</p>\r\n</li><li>&nbsp;Download <strong>javamail1_4_5.zip</strong> from<br>\r\n<a title=\"    http://www.oracle.com/technetwork/java/javasebusiness/downloads/java-archive-downloads-eeplat-419426.html#javamail-1.4.5-oth-JPR\" href=\"\">http://www.oracle.com/technetwork/java/javasebusiness/downloads/java-archive-downloads-eeplat-419426.html#javamail-1.4.5-oth-JPR<br>\r\n</a>The jar file required is <strong>mail.jar&nbsp;</strong> </li></ul>\r\n<ul>\r\n<li>\r\n<p style=\"margin-bottom:0cm\">Download &amp; extract the latest IKVM from <a href=\"http://sourceforge.net/projects/ikvm/files/\" target=\"_blank\">\r\nhttp://sourceforge.net/projects/ikvm/files/</a>&nbsp; At the time of writing this is<em>&nbsp;\r\n</em><strong><a href=\"http://sourceforge.net/projects/ikvm/files/latest/download?source=files\"><span style=\"color:#000000\"><span style=\"text-decoration:none\"><strong>ikvmbin-7.1.4532.2.zip</strong></span></span></a></strong><em>\r\n</em></p>\r\n</li><li>\r\n<p style=\"margin-bottom:0cm\">For simplicity, copy the six <strong>.jar</strong> files above into the<strong><em> ikvmbin-7.1.4532.2/bin</em> folder</strong></p>\r\n<ul>\r\n<li><strong><em>opennlp-maxent-3.0.2-incubating.jar</em></strong> </li><li><strong><em>jwnl-1.3.3.jar</em></strong> </li><li><strong><em>opennlp-tools-1.5.2-incubating.jar</em></strong> </li><li><strong><em>opennlp-uima-1.5.2-incubating.jar</em></strong> </li><li><strong>uima-core.jar <br>\r\n</strong></li><li><strong>mail.jar <br>\r\n</strong></li></ul>\r\n</li><li>\r\n<p style=\"margin-bottom:0cm\">From a command window, In the <strong>ikvmbin-7.1.4532.2<em>/bin</em></strong> folder use IKVMC &amp; the above five jar files&nbsp; make the\r\n<strong>opennlp.dll</strong> as follows:</p>\r\n</li><li>\r\n<p style=\"margin-bottom:0cm\"><strong>ikvmc -target:library -assembly:opennlp opennlp-maxent-3.0.2-incubating.jar jwnl-1.3.3.jar opennlp-uima-1.5.2-incubating.jar opennlp-tools-1.5.2-incubating.jar uima-core.jar mail.jar</strong></p>\r\n<p style=\"margin-bottom:0cm\"><span style=\"font-weight:normal\">Note:</span><strong>\r\n</strong><span style=\"font-weight:normal\">There are some warnings in the compilation due to missing references<strong> log4j-x.x.x.jar</strong> &amp;\r\n<strong>javax.jms.jar</strong> but they don't cause a problem &amp; i'm trying to keep things as simple as possble.</span></p>\r\n</li><li>\r\n<p style=\"margin-bottom:0cm\">Copy the following from the<em> </em><em><strong>ikvmbin-7.1.4532.2</strong></em><em>/</em><em><strong>bin</strong></em> folder to your project folder (or the folder of your choice)</p>\r\n<ul>\r\n<li>\r\n<p style=\"margin-bottom:0cm\">&nbsp;opennlp.dll (the assembly you have just created)</p>\r\n</li><li>\r\n<p style=\"margin-bottom:0cm\">IKVM.Runtime.dll</p>\r\n</li><li>\r\n<p style=\"margin-bottom:0cm\">IKVM.OpenJDK.Core.dll</p>\r\n</li><li>\r\n<p style=\"margin-bottom:0cm\">IKVM.OpenJDK.Jdbc.dll</p>\r\n</li><li>\r\n<p style=\"margin-bottom:0cm\">IKVM.OpenJDK.Text.dll</p>\r\n</li><li>\r\n<p style=\"margin-bottom:0cm\">IKVM.OpenJDK.Util.dll</p>\r\n</li><li>\r\n<p style=\"margin-bottom:0cm\">IKVM.OpenJDK.XML.API.dll</p>\r\n</li><li>\r\n<p style=\"margin-bottom:0cm; font-weight:normal\">IKVM.OpenJDK.Charsets.dll&nbsp; (Thanks carl4os)</p>\r\n</li></ul>\r\n<p>(I found using reflection which IKVM dll's are referenced in the opennlp.dll )</p>\r\n</li></ul>\r\n<p>Add references to these assemblies in your project &amp; use at will :-)</p>\r\n<p>You will need the models for your language from<a href=\"http://opennlp.sourceforge.net/models-1.5/\" target=\"_blank\"> http://opennlp.sourceforge.net/models-1.5/</a></p>\r\n<p>The OpenNlp manual is a good place to start <a title=\"http://opennlp.apache.org/documentation/manual/opennlp.html\" href=\"http://opennlp.apache.org/documentation/manual/opennlp.html\">\r\nhttp://opennlp.apache.org/documentation/manual/opennlp.html</a></p>\r\n<p>Note: This is still a java in .net clothes, so care has to be taken over some things.<br>\r\ne.g when loading models the inputstreams are java types (referenced from the assemblies above)</p>\r\n<pre>string modelpath = &quot;C:\\models\\&quot;;  \\\\Wherever you've stored your downloaded models\njava.io.FileInputStream modelInpStream = new java.io.FileInputStream(ModelPath &#43; &quot;en-sent.bin&quot;);\nopennlp.tools.sentdetect.SentenceModel sentenceModel =new opennlp.tools.sentdetect.SentenceModel(modelInpStream);\nopennlp.tools.sentdetect.SentenceDetectorME SentenceDetectorME=new opennlp.tools.sentdetect.SentenceDetectorME(sentenceModel); </pre>\r\n<p>Mostly though it seems to be very straightforward &amp; works well.</p>\r\n<p>Once set up it takes only a few seconds to create an opennlp.dll assembly from the latest releases<br>\r\nand so it is very easy to keep it bang up to date.</p>\r\n<p>I have a VERY basic demo program that i quickly knocked up. I've bundled it all up as a C# Winforms project already compiled so you can just extract it (don't forget to unblock the zip file first)&nbsp; &amp; run the Nlp.exe In the Bin\\debug folder. Of course\r\n the source code is included as well.<br>\r\nThe models are in there too in the debug folder, the program expects the model folder to be in the same folder as nlp.exe (i said it was quick &amp; dirty ;-)<br>\r\nHere's the file (it's ~100Mb !! as it includes the models)&nbsp; <a title=\"https://dl.dropbox.com/u/24630720/nlp.zip\" href=\"https://dl.dropbox.com/u/24630720/nlp.zip\">\r\nhttps://dl.dropbox.com/u/24630720/nlp.zip</a></p>\r\n<p>Hope this may be of use to someone.</p>\r\n<p>Cheers</p>\r\n<p>Paul</p>\r\n<p><br>\r\n<br>\r\n</p>\r\n",
    "PostedDate": "2012-07-31T04:25:11.437-07:00",
    "UserRole": null,
    "MarkedAsAnswerDate": null
  },
  {
    "Id": "893752",
    "ThreadId": "263620",
    "Html": "\r\n<p>Hi Paul.</p>\r\n<p>&nbsp;</p>\r\n<p>Thanks for the Update!</p>\r\n<p>I'm still running into the same issue as early(Double checking to unblock the zips and doing everything I can to make sure the files are free and clear). But i'll keep plugging away at it.</p>\r\n<p>Edit: &nbsp;I was able to d/l your demo app and run that though. &nbsp;Thanks for all the great help!</p>\r\n<p><br>\r\nOne thing I did note is that the D/l of UIMA doesn't seem to have the mail.jar in it's lib folder ( or any folder for that matter). &nbsp;Any advice on where it could be found?</p>\r\n<p>&nbsp;</p>\r\n<p>Thanks!<br>\r\nDave.&nbsp;</p>\r\n",
    "PostedDate": "2012-07-31T09:11:29.877-07:00",
    "UserRole": null,
    "MarkedAsAnswerDate": null
  },
  {
    "Id": "894219",
    "ThreadId": "263620",
    "Html": "\r\n<p>Hi Dave,<br>\r\nYou are most welcome.<br>\r\n<br>\r\nSorry, i got myself in a bit of a muddle with mail.jar there.<br>\r\nYou can download<strong> javamail1_4_5.zip</strong> from<br>\r\n<a title=\"http://www.oracle.com/technetwork/java/javasebusiness/downloads/java-archive-downloads-eeplat-419426.html#javamail-1.4.5-oth-JPR\" href=\"http://www.oracle.com/technetwork/java/javasebusiness/downloads/java-archive-downloads-eeplat-419426.html#javamail-1.4.5-oth-JPR\">http://www.oracle.com/technetwork/java/javasebusiness/downloads/java-archive-downloads-eeplat-419426.html#javamail-1.4.5-oth-JPR</a><br>\r\n<strong>mail.jar</strong> is in that zip file&nbsp; (sorry,i can't give a&nbsp; direct download as you have to accept their t&amp;c's)<br>\r\nIt's probably not necessary to include it, but at least you will know it's not that causing your problems.<br>\r\n<br>\r\nI can't really help with your main problem, although i have a strong hunch it's something to do with permissions.<br>\r\nPerhaps running a command window as administrator might help.<br>\r\n<br>\r\n<br>\r\nGlad you could at least run the little demo, you can always use the&nbsp; opennlp.dll&nbsp; from that in your own projects.<br>\r\n<br>\r\nCheers<br>\r\nPaul</p>\r\n",
    "PostedDate": "2012-08-01T08:53:00.297-07:00",
    "UserRole": null,
    "MarkedAsAnswerDate": null
  },
  {
    "Id": "899391",
    "ThreadId": "263620",
    "Html": "<p>For what it's worth, i was able to take Paul's version of Open NLP and use it to generate some visuals that are a little easier to interpret (at least for my brain). &nbsp;You can find an example image here</p>\r\n<p>(http://dl.dropbox.com/u/38604282/output.png)</p>\r\n<p>The debugging code is kind of rooted in my application, but i'd be happy to share if anyone is interested.</p>\r\n<p>&nbsp;</p>\r\n<p>Thanks!<br />Dave.&nbsp;</p>",
    "PostedDate": "2012-08-14T21:25:26.897-07:00",
    "UserRole": null,
    "MarkedAsAnswerDate": null
  },
  {
    "Id": "946986",
    "ThreadId": "263620",
    "Html": "\r\n<p>Much obliged Paul! &nbsp;Exactly what I was looking for.</p>\r\n<p>Anyone else using OpenNlp in .Net potentially looking collaborate on a library?&nbsp;</p>\r\n",
    "PostedDate": "2012-11-26T04:13:32.28-08:00",
    "UserRole": null,
    "MarkedAsAnswerDate": null
  },
  {
    "Id": "947052",
    "ThreadId": "263620",
    "Html": "\r\n<p>Cheers Zuvvy, you're most welcome.<br>\r\n<br>\r\nI'm afraid i don't have any spare time to devote to any collaboration at the moment,<br>\r\nbut i hope you get some interest.<br>\r\n<br>\r\nCheers<br>\r\nPaul</p>\r\n",
    "PostedDate": "2012-11-26T07:53:04.31-08:00",
    "UserRole": null,
    "MarkedAsAnswerDate": null
  },
  {
    "Id": "1004858",
    "ThreadId": "263620",
    "Html": "Hello, folks - using parser is straight forward - the same way as you would do in java. Here is an example :<br />\n<pre><code>        try\n        {\n            fileInputStream = new FileInputStream(string.Concat(ModelPath, &quot;en-parser-chunking.bin&quot;));\n\n            try\n            {\n                ParserModel model = new ParserModel(fileInputStream);\n                this.FParser = ParserFactory.create(model);\n            }\n   var strBldr = new java.lang.StringBuffer();\n\n\n        string directoryName = Path.GetDirectoryName(Assembly.GetExecutingAssembly().GetName().CodeBase);\n        var ModelPath = string.Concat((new Uri(directoryName)).LocalPath, &quot;\\\\Models\\\\&quot;);\n\n        topParses = ParserTool.parseLine(InputText, FParser, 1);\n        foreach (var topParse in topParses)\n        {\n            topParse.show(strBldr);\n        }\n\n        }\n</code></pre>\n\nIt works perfectly fine. Loading model takes about 3-4 seconds however - it looks longer than in native java solution. But parsing time seems fine. No performace testing have been performed so far.<br />\n",
    "PostedDate": "2013-02-21T11:59:10.28-08:00",
    "UserRole": null,
    "MarkedAsAnswerDate": null
  },
  {
    "Id": "1005405",
    "ThreadId": "263620",
    "Html": "Cheers k0ss,\r<br />\n<br />\nNot really got as much time as i'd like for NLP at the moment, but will give it a try when i can.\r<br />\n<br />\nCheers<br />\n",
    "PostedDate": "2013-02-22T12:15:09.253-08:00",
    "UserRole": null,
    "MarkedAsAnswerDate": null
  },
  {
    "Id": "1224727",
    "ThreadId": "263620",
    "Html": "Hi,\r<br />\nI am getting following exception. Can anyone tell me why??\r<br />\n<br />\nCould not load type 'opennlp.tools.sentdetect.SentenceDetectorME' from assembly 'OpenNlp, Version=1.0.0.0, Culture=neutral, PublicKeyToken=null'.<br />\n",
    "PostedDate": "2014-03-20T03:32:54.7-07:00",
    "UserRole": null,
    "MarkedAsAnswerDate": null
  },
  {
    "Id": "1421766",
    "ThreadId": "263620",
    "Html": "Hi All,\r<br />\n<br />\nI tried to create the DLL for 1.5.3 as the steps in &quot;UPDATE FOR VERSION 1.5.2&quot;. But I have some warnings. I done:<br />\n<ol>\n<li>\nikvm (<a href=\"http://www.ikvm.net/download.html\" rel=\"nofollow\">http://www.ikvm.net/download.html</a>). <br />\n</li>\n<li>\nOpenNLP  <a href=\"http://opennlp.apache.org/cgi-bin/download.cgi\" rel=\"nofollow\">http://opennlp.apache.org/cgi-bin/download.cgi</a>). apache-opennlp-1.5.3-bin.zip <br />\n</li>\n<li>\nUIMA (<a href=\"http://uima.apache.org/downloads.cgi\" rel=\"nofollow\">http://uima.apache.org/downloads.cgi</a>).<br />\n</li>\n<li>\njavamail api (<a href=\"http://www.oracle.com/technetwork/java/index-138643.html\" rel=\"nofollow\">http://www.oracle.com/technetwork/java/index-138643.html</a>).<br />\n</li>\n<li>\nUnzip 1,2,3 and 4. <br />\n</li>\n<li>\nCopy from lib folders the follwing jar's into ikvm's bin folder:<br />\n</li>\n</ol>\njwnl-1.3.3.jar \r<br />\nmail.jar\r<br />\nopennlp-maxent-3.0.3.jar\r<br />\nopennlp-tools-1.5.3.jar\r<br />\nopennlp-uima-1.5.3.jar\r<br />\nuima-core.jar<br />\n<ol>\n<li>\nExecute dos command: <br />\n</li>\n</ol>\nikvmc -target:library -assembly:opennlp opennlp-maxent-3.0.3.jar jwnl-1.3.3.jar opennlp-uima-1.5.3.jar opennlp-tools-1.5.3.jar uima-core.jar mail.jar\r<br />\n<br />\n<br />\nI got several warnings like this one:\r<br />\n<br />\nwarning IKVMC0111: Emitted java.lang.NoClassDefFoundError in &quot;org.apache.uima.re\r<br />\nsource.metadata.impl.MetaDataObjectSerializer_plain.outputEndElement(Lorg.w3c.do\r<br />\nm.Node;Ljava.lang.String;Ljava.lang.String;Ljava.lang.String;)V&quot;<br />\n<pre><code>(&quot;org.xml.sax.ContentHandler&quot;)\n\n</code></pre>\n\nAny idea, of what I'm doing wrong?<br />\n",
    "PostedDate": "2015-04-30T03:25:37.597-07:00",
    "UserRole": null,
    "MarkedAsAnswerDate": null
  }
]