[
  {
    "Id": "178703",
    "ThreadId": "53145",
    "Html": "I was wondering if anyone has tried using the models from OpenNLP 1.4.  I downloaded them, ran the conversion process, and startd testing them out.  For the most part everything seemed  to be working correctly until I started testing the NameFind features -- then issues started showing up quickly.<br>\r\n<br>\r\nI thought I would see if anyone has done any work/testing with v1.4 models before I really started digging into this.\r\n",
    "PostedDate": "2009-04-13T16:05:10.38-07:00",
    "UserRole": null,
    "MarkedAsAnswerDate": null
  }
]