[
  {
    "Id": "39192",
    "ThreadId": "12070",
    "Html": "\r\nFirst, apologies if my questions sound naive or confusing!<br /><br />In addition, I am not a very good programmer but I have been using C# for creating my own NLP tools. Also, I am an Emacs + console person, so I don't use any Microsoft programming environment. Currently, I use mono under MacOS X. <br /><br />Now, I would like to use the MaxEnt library for a parsing task. The questions I have are:<br /><br />1) How can I use the library for parameter estimation first. <br />2) Is it only the GIS learning algorithm which have been implemented?<br />3) Then I would like to query my training model during the runtime of my parser. How does one do that?<br />4) Is there any manual for SharpEntropy, beside the provided source code?<br />5) I guess, I am asking too much but a few simple examples for the above questions would be very much appreciated!<br /><br />Thank you very much in advance!<br />Svetoslav<br />",
    "PostedDate": "2007-07-02T02:56:04.793-07:00",
    "UserRole": null,
    "MarkedAsAnswerDate": null
  },
  {
    "Id": "39565",
    "ThreadId": "12070",
    "Html": "\r\nWith the risk of being persistenly bothersome:<br /><br />Could you please explain how to use the SQL light version of SharpEntropy?<br /><br />Thank you!<br /><br />S.<br />",
    "PostedDate": "2007-07-04T02:47:17.063-07:00",
    "UserRole": null,
    "MarkedAsAnswerDate": null
  }
]