[
  {
    "Id": "1208413",
    "ThreadId": "531903",
    "Html": "Hi,\r<br />\n<br />\nI am trying to develop an application where I have to use some regular expression matching.\r<br />\nI downloaded SharpNLP and it's working perfectly fine when it comes to the NLP functions like tokenize, POS tagging etc.\r<br />\n<br />\nHowever, now I want to use the above functions with regular expressions.\r<br />\nDoes sharpNLP have any support for this?\r<br />\n<br />\nThanks in advance<br />\n",
    "PostedDate": "2014-02-14T07:42:18.317-08:00",
    "UserRole": null,
    "MarkedAsAnswerDate": null
  }
]