[
  {
    "Id": "1259590",
    "ThreadId": "549630",
    "Html": "I have currently downloaded SharpNLP and I am using WordNET as the Corpus. Do you know where I can find the definitions for the Acronyms used in the parsing? i.e. S for sentence, NP for noun phrase.\r<br />\n<br />\nAlso is the amount of different tagsets affected by the corpus or is there a set for SharpNLP, regardless to the corpus used.\r<br />\n<br />\nMany thanks<br />\n",
    "PostedDate": "2014-06-25T03:39:40.787-07:00",
    "UserRole": null,
    "MarkedAsAnswerDate": null
  },
  {
    "Id": "1335532",
    "ThreadId": "549630",
    "Html": "As SharpNLP is a port of OpenNLP, and OpenNLP uses Penn Tags...this will be useful :)\r<br />\n<br />\n(<a href=\"http://blog.dpdearing.com/2011/12/opennlp-part-of-speech-pos-tags-penn-english-treebank\" rel=\"nofollow\">http://blog.dpdearing.com/2011/12/opennlp-part-of-speech-pos-tags-penn-english-treebank</a>)<br />\n",
    "PostedDate": "2014-12-22T08:12:19.627-08:00",
    "UserRole": null,
    "MarkedAsAnswerDate": null
  }
]