[
  {
    "Id": "88502",
    "ThreadId": "26461",
    "Html": "\r\nHi im newbie in this field could anyone tell me how i can train nbin models for another language to be used with SharpNLP<br />thnx<br />",
    "PostedDate": "2008-04-23T07:31:19.11-07:00",
    "UserRole": null,
    "MarkedAsAnswerDate": null
  },
  {
    "Id": "514538",
    "ThreadId": "26461",
    "Html": "\r\n<p>I am trying to do the same things but this project seems to be in stall.</p>\r\n",
    "PostedDate": "2010-10-29T06:39:30.763-07:00",
    "UserRole": null,
    "MarkedAsAnswerDate": null
  }
]