[
  {
    "Id": "811646",
    "ThreadId": "348949",
    "Html": "\r\n<p>I realize this project is not currently active but I found and use it.</p>\r\n<p>I noticed CleverHuman tried to revive it but doesn't seem to have made much progress. &nbsp;I tried using the IKVM java tool (very nice) but it didn't address my issue. (The same tokenizing issue appears in the latest OpenNLP code.</p>\r\n<p>So, I have two things to offer. &nbsp;I have updated the code to .Net 4 using Stylecop rules.</p>\r\n<p>I have added a function to the span tokenizer that given an input array of chars it will&nbsp;separate&nbsp;them out of the input stream and create spans for them. This makes sure that the tokenizer handles grouping characters (parenthesis, brackets and\r\n curly braces correctly and makes them their own tokens.</p>\r\n<p>Is anyone interested in such functionality I will update the MaximumEntropyTokenizer with the addition.</p>\r\n<p>Please let me know</p>\r\n",
    "PostedDate": "2012-03-16T13:42:03.143-07:00",
    "UserRole": null,
    "MarkedAsAnswerDate": null
  },
  {
    "Id": "893120",
    "ThreadId": "348949",
    "Html": "<p>I know this reply is&nbsp;coming&nbsp;a little late, but I would most&nbsp;defiantly&nbsp;be interested in any updates that bring this bad boy up to snuff.</p>",
    "PostedDate": "2012-07-30T08:47:02.207-07:00",
    "UserRole": null,
    "MarkedAsAnswerDate": null
  }
]