[
  {
    "Id": "1018486",
    "ThreadId": "437401",
    "Html": "Hi, \r<br />\n<br />\nI just got started digging into SharpNLP and I am very excited about the possibilities it provides. To get started, I was trying to use the sentence detector and it worked fine on an English text. Is there also a maxent model available for German? Actually, is there a complete list of supported languages somewhere?\r<br />\nI was also wondering how one could provide your own list of abbreviations of the sentence detector to use. Is this possible? \r<br />\n<br />\nCheers, \r<br />\n<br />\nMartin<br />\n",
    "PostedDate": "2013-03-20T12:37:38.52-07:00",
    "UserRole": null,
    "MarkedAsAnswerDate": null
  },
  {
    "Id": "1030627",
    "ThreadId": "437401",
    "Html": "I'd be interested in a response to this (also Dutch, French and Spanish lang support)\r<br />\n<br />\nThanks\r<br />\n<br />\nMike <br />\n",
    "PostedDate": "2013-04-15T07:06:21.547-07:00",
    "UserRole": null,
    "MarkedAsAnswerDate": null
  }
]