[
  {
    "Id": "557126",
    "ThreadId": "243746",
    "Html": "\r\n<p>Are you interested in reviving this excellent project?</p>\r\n<p>Do you want to help get and keep this project current with the development happening on OpenNLP?</p>\r\n<p>It has been over 4 years since this project was first created. In those intervening years the OpenNLP codebase has changed drastically and has a number of improvements, bug fixes, refactorings, and general improvements.&nbsp;</p>\r\n<p>Catching up from where SharpNLP is today to the current state of OpenNLP is an enormous undertaking. I won't be able to do it alone.</p>\r\n<p>&nbsp;</p>\r\n<p>In order to facilitate this update, I've created an open source GitHub repository here called\r\n<a href=\"https://github.com/pburrows/SharperNLP\">SharperNLP</a>&nbsp;[<a href=\"https://github.com/pburrows/SharperNLP\">https://github.com/pburrows/SharperNLP</a>]&nbsp;(yeah, I know not the most clever name.) As of right now SharperNLP is a direct fork of the\r\n SharpNLP code base. Very rapidly I want to get this project current with where OpenNLP is.</p>\r\n<p>I am going to need a lot of help to get this done.</p>\r\n<p>It does not matter if you are new to the concepts of NLP, new to SharpNLP, or even new to programming. The first tasks, for a long time, are going to be straight porting from the Java code base to our C# code base. Porting from Java to C# is easy. It is\r\n modular, and anyone can do it.</p>\r\n<p>I am going through today and this weekend (probably won't get it done tonight) and adding Issues for the conversion of specific .Java to equivalent .CS files. If you want to help, check out the\r\n<a href=\"https://github.com/pburrows/SharperNLP/issues\">Issues </a>list, choose one of the files to convert, and have at it.&nbsp;</p>\r\n<p>&nbsp;</p>\r\n<p>I've seen a lot of posts on this forum asking if this project is dead, and volunteering to help out on it. This is your chance.</p>\r\n",
    "PostedDate": "2011-01-28T14:22:38.18-08:00",
    "UserRole": null,
    "MarkedAsAnswerDate": null
  },
  {
    "Id": "559116",
    "ThreadId": "243746",
    "Html": "\r\n<p>I may be interested in helping out.&nbsp; I've been primarily a VB / Vb.NET programmer for the last 15&#43; years.&nbsp; I'm not very efficient at C# but can get around in it.&nbsp; I have no Java Experience.&nbsp;&nbsp; I may not be able to dedicate a lot of\r\n time.&nbsp; I'll have a look at the issues and and see about getting into the repository.</p>\r\n",
    "PostedDate": "2011-02-01T19:40:53.73-08:00",
    "UserRole": null,
    "MarkedAsAnswerDate": null
  },
  {
    "Id": "559364",
    "ThreadId": "243746",
    "Html": "\r\n<p>Good idea !</p>\r\n<p>I'm a phd student and I work on NLP for statistical machine translation.</p>\r\n<p>&nbsp;</p>\r\n",
    "PostedDate": "2011-02-02T06:33:53.377-08:00",
    "UserRole": null,
    "MarkedAsAnswerDate": null
  },
  {
    "Id": "559534",
    "ThreadId": "243746",
    "Html": "\r\n<p>I'm glad there's interest in this project.</p>\r\n<p>The current state of the OpenNLP project is wildly different from the current state of SharpNLP. OpenNLP has gone through several project restructures over the last couple years.</p>\r\n<p>I've created the project structure and empty classes for the MaxEnt portion of the project (the Maximum Entropy library is the core on which most of the rest of OpenNLP is based on.) (see:&nbsp;<a href=\"https://github.com/pburrows/SharperNLP/tree/master/SharperNLP.MaxEntropy\">https://github.com/pburrows/SharperNLP/tree/master/SharperNLP.MaxEntropy</a>)</p>\r\n<p>For each class which needs to be converted, I've created a separate Issue for that class. (see:&nbsp;<a href=\"https://github.com/pburrows/SharperNLP/issues/#list\">https://github.com/pburrows/SharperNLP/issues/#list</a>)</p>\r\n<p>Currently there are 83 issues. The class files each one of these issues represents is created, but empty. It is just the default class template Visual Studio uses when you create a class.&nbsp;</p>\r\n<p>If you are interested in helping, feel free to simply grab any one of these issues and work on it. Message me your GitHub ID (easiest to do that from GitHub,) and I will add you as a collaborator on the project.</p>\r\n<p>&nbsp;</p>\r\n<p>Again, remember, this is not a huge commitment. Grabbing a single Java class and converting it to C#, for most of the classes, will take less than an hour. In many cases, far far less than an hour. Any help is awesome!</p>\r\n",
    "PostedDate": "2011-02-02T09:27:08.983-08:00",
    "UserRole": null,
    "MarkedAsAnswerDate": null
  },
  {
    "Id": "559688",
    "ThreadId": "243746",
    "Html": "\r\n<p>With pleasure Patrick.</p>\r\n<p>My github id is mituser too like to codeplex. My name is Achraf.</p>\r\n<p>I see issues. There consist to convert the project from C# to Java, and it's a good idea for me to understand the project structure. I note that i'm a teacher at university. I teach Advanced Java :) and this is good for project. Also, i have a good skills\r\n on C#.net.</p>\r\n<p>Let's start working and developing.</p>\r\n<p>Bye.</p>\r\n",
    "PostedDate": "2011-02-02T13:15:56.083-08:00",
    "UserRole": null,
    "MarkedAsAnswerDate": null
  },
  {
    "Id": "559782",
    "ThreadId": "243746",
    "Html": "\r\n<blockquote style=\"border:solid .1em #ccc; font-style:italic; margin:.25em 1em 0 1em; padding:0 .25em 0 .25em\">\r\n<strong>mituser wrote:</strong><br>\r\n<p>With pleasure Patrick.</p>\r\n<p>My github id is mituser too like to codeplex. My name is Achraf.</p>\r\n<p>I see issues. There consist to convert the project from C# to Java, and it's a good idea for me to understand the project structure. I note that i'm a teacher at university. I teach Advanced Java :) and this is good for project. Also, i have a good skills\r\n on C#.net.</p>\r\n<p>Let's start working and developing.</p>\r\n<p>Bye.</p>\r\n</blockquote>\r\n<p>I've added you as a contributor, Achraf. Welcome!</p>\r\n",
    "PostedDate": "2011-02-02T16:13:26.577-08:00",
    "UserRole": null,
    "MarkedAsAnswerDate": null
  },
  {
    "Id": "560416",
    "ThreadId": "243746",
    "Html": "\r\n<p>Thank you very much Patrick.</p>\r\n",
    "PostedDate": "2011-02-03T14:33:02.47-08:00",
    "UserRole": null,
    "MarkedAsAnswerDate": null
  },
  {
    "Id": "560612",
    "ThreadId": "243746",
    "Html": "\r\n<p>I would like to participate in the development process of this project. I'm a C# developer and I'm quite familiar with Java sintax. Also I'm a masters student in NLP.</p>\r\n",
    "PostedDate": "2011-02-04T01:12:58.083-08:00",
    "UserRole": null,
    "MarkedAsAnswerDate": null
  },
  {
    "Id": "560618",
    "ThreadId": "243746",
    "Html": "\r\n<blockquote style=\"border:solid .1em #ccc; font-style:italic; margin:.25em 1em 0 1em; padding:0 .25em 0 .25em\">\r\n<strong>RePierre wrote:</strong><br>\r\n<p>I would like to participate in the development process of this project. I'm a C# developer and I'm quite familiar with Java sintax. Also I'm a masters student in NLP.</p>\r\n</blockquote>\r\n<p>My github user is RePierre.</p>\r\n",
    "PostedDate": "2011-02-04T01:20:29.59-08:00",
    "UserRole": null,
    "MarkedAsAnswerDate": null
  },
  {
    "Id": "560818",
    "ThreadId": "243746",
    "Html": "\r\n<p>Great! I've added you as a contributor, sir.</p>\r\n",
    "PostedDate": "2011-02-04T07:48:03.233-08:00",
    "UserRole": null,
    "MarkedAsAnswerDate": null
  },
  {
    "Id": "561560",
    "ThreadId": "243746",
    "Html": "\r\n<p>Thank you Patrick!</p>\r\n<p>I've configured my development environment and cloned the repository. I'm ready to rock the code! :)</p>\r\n<p>BTW, are there any coding standards/guidelines that I should know of/look over?</p>\r\n",
    "PostedDate": "2011-02-06T12:05:41.46-08:00",
    "UserRole": null,
    "MarkedAsAnswerDate": null
  },
  {
    "Id": "561571",
    "ThreadId": "243746",
    "Html": "\r\n<p>Hi All,</p>\r\n<p>The code doesn't run on VS2008 !! When i upgrade the new project doesn't contain the .cs file.</p>\r\n<p>Should I use VS2005 or other version ?</p>\r\n",
    "PostedDate": "2011-02-06T12:31:08.507-08:00",
    "UserRole": null,
    "MarkedAsAnswerDate": null
  },
  {
    "Id": "561951",
    "ThreadId": "243746",
    "Html": "\r\n<p>All the project files are Visual Studio 2010.&nbsp;</p>\r\n",
    "PostedDate": "2011-02-07T07:14:47.337-08:00",
    "UserRole": null,
    "MarkedAsAnswerDate": null
  },
  {
    "Id": "561961",
    "ThreadId": "243746",
    "Html": "\r\n<blockquote style=\"border:solid .1em #ccc; font-style:italic; margin:.25em 1em 0 1em; padding:0 .25em 0 .25em\">\r\n<strong>RePierre wrote:</strong><br>\r\n<p>BTW, are there any coding standards/guidelines that I should know of/look over?</p>\r\n</blockquote>\r\n<p>I usually just go with the <a href=\"http://msdn.microsoft.com/en-us/library/czefa0ke(v=vs.71).aspx\">\r\nMicrosoft Design Guidelines</a>. For this project, though, I would not want to stray far from the OpenNLP naming conventions. So where the OpenNLP naming conflicts with the Microsoft recommended naming or usage, I would err on the side of staying with the OpenNLP\r\n names. &nbsp;</p>\r\n",
    "PostedDate": "2011-02-07T07:23:49.113-08:00",
    "UserRole": null,
    "MarkedAsAnswerDate": null
  },
  {
    "Id": "647437",
    "ThreadId": "243746",
    "Html": "<p>Are any tools currently&nbsp;being used to automate the java to c# conversion?</p>",
    "PostedDate": "2011-07-25T17:15:00.443-07:00",
    "UserRole": null,
    "MarkedAsAnswerDate": null
  },
  {
    "Id": "647498",
    "ThreadId": "243746",
    "Html": "<p>btw, I own the <a href=\"http://nwitsml.org\">http://nwitsml.org</a> project, which is converted from the jwitsml.org project... I did manual (lots of search and replace work) conversion of this project, but have since been researching some tools that help automate things.</p>",
    "PostedDate": "2011-07-25T20:47:34.35-07:00",
    "UserRole": null,
    "MarkedAsAnswerDate": null
  }
]