[
  {
    "Id": "560418",
    "ThreadId": "244572",
    "Html": "\r\n<p>Hi all,</p>\r\n<p>I found that SharpNLP is very useful and it is help me so much. I'm working on statistical machine based on maximum entropy model. When i use the tokeknization as example, i call the method EnglishMaximumEntropyTokenizer tokenizer = new EnglishMaximumEntropyTokenizer(mModelPath\r\n &#43; &quot;EnglishTok.nbin&quot;);.</p>\r\n<p>The file &quot;EnglishTok.nbin&quot; contain a training data.</p>\r\n<p>My question is, what's the content of the file ? and how can i create a new file ? -using sharpEntropy ? how ?</p>\r\n<p>Thank you for reading.</p>\r\n",
    "PostedDate": "2011-02-03T14:37:18.153-08:00",
    "UserRole": null,
    "MarkedAsAnswerDate": null
  },
  {
    "Id": "560438",
    "ThreadId": "244572",
    "Html": "\r\n<p>The *.nbin files are trained models for the various tasks that SharpNLP can perform (such as tokenizing, or detecting parts of speech.) The files are in a custom format created by the BinaryGisModelWriter class (located in&nbsp;\\SharpNLP\\SharpEntropy\\IO.)</p>\r\n<p>You can read the content of this file using (you guessed it!) the BinaryGisModelReader.</p>\r\n<p>As for updating these files and training new data, I was about to say you can just grab the newer files from the OpenNLP project (<a href=\"http://opennlp.sourceforge.net/models-1.5/\">the models are here</a>), but sadly the two file formats are not compatible.\r\n Here is Richard's summary comment from the BinaryGisModelWriter class:</p>\r\n<p></p>\r\n<div style=\"color:black; background-color:white\">\r\n<pre>\t<span style=\"color:gray\">///</span><span style=\"color:green\"> A writer for GIS models that saves models in a binary format. This format is not the one</span>\r\n\t<span style=\"color:gray\">///</span><span style=\"color:green\"> used by the &lt;see cref=&quot;SharpEntropy.IO.JavaBinaryGisModelWriter&quot;&gt;java version of MaxEnt&lt;/see&gt;.</span>\r\n\t<span style=\"color:gray\">///</span><span style=\"color:green\"> It has two main differences, designed for performance when loading the data</span>\r\n\t<span style=\"color:gray\">///</span><span style=\"color:green\"> from file: first, it uses big endian data values, which is native for C#, and secondly it</span>\r\n\t<span style=\"color:gray\">///</span><span style=\"color:green\"> encodes the outcome patterns and values in a more efficient manner.</span>\r\n</pre>\r\n</div>\r\n<p></p>\r\n<p>There is a JavaBinaryGisModelReader class in&nbsp;&nbsp;\\SharpNLP\\SharpEntropy\\IO, so the new files from the OpenNLP project referenced above MAY work. But I am not sure. If the OpenNLP's file format has not changed, then I imagine it will work.</p>\r\n<p>As for modifying a GIS model, or training your own, the OpenNLP documentation is probably the best place to start:&nbsp;<a href=\"http://maxent.sourceforge.net/howto.html\">http://maxent.sourceforge.net/howto.html</a></p>\r\n<p>I think the biggest issue here will be getting good training data. Though it may suffice just to use the new OpenNLP models.</p>\r\n",
    "PostedDate": "2011-02-03T15:18:16.247-08:00",
    "UserRole": null,
    "MarkedAsAnswerDate": null
  },
  {
    "Id": "560635",
    "ThreadId": "244572",
    "Html": "\r\n<p>Thank you Patrick for the answer, it's very helpful.&nbsp;</p>\r\n<p>I read the tutorial in code project and i created a new project in visual studio to understand how it's work. So i found that the training data contain string and numbers (calculated from Maximum Entropy formula).</p>\r\n<p>If we take the example of umbrella, the data file (plain text) contains:</p>\r\n<pre id=\"x_pre0\" lang=\"text\">Warm Dry No_Umbrella\r\nCold Dry No_Umbrella\r\nCold Rainy Umbrella\r\nCold Dry Umbrella\r\nWarm Dry No_Umbrella</pre>\r\n<p>the code to create a model is:</p>\r\n<pre id=\"x_pre2\" lang=\"cs\">System.IO.StreamReader trainingStreamReader = <span>new</span> System.IO.StreamReader(trainingDataFile);\r\nSharpEntropy.ITrainingEventReader eventReader = n<span>ew</span> SharpEntropy.BasicEventReader(<span>new</span> SharpEntropy.PlainTextByLineDataReader(trainingStreamReader));\r\nSharpEntropy.GisTrainer trainer = <span>new</span> SharpEntropy.GisTrainer();\r\ntrainer.TrainModel(eventReader);\r\nmModel = <span>new</span> SharpEntropy.GisModel(trainer);</pre>\r\n<p>My question, is it the same for machine translation model file ? and the source file is (as example) :</p>\r\n<pre id=\"x_pre0\" lang=\"text\">My_name_is_Jack    Mon_nom_est_Jack\r\nMy                 mon<br>My                 ma<br>name               nom<br>is                 est<br>Kate               Kate<br>...&nbsp;</pre>\r\n<p>Where the first sentence is in English and the second (outcome) is the translation in French.</p>\r\n<p>If it's, Can i say that the best outcome (through&nbsp;GetBestOutcome method) for &quot;My name is Kate&quot; is &quot;Mon nom est Kate&quot; ?</p>\r\n<p>&nbsp;</p>\r\n<p>Thank you.</p>\r\n<p>&nbsp;</p>\r\n<p>&nbsp;</p>\r\n",
    "PostedDate": "2011-02-04T01:51:06.323-08:00",
    "UserRole": null,
    "MarkedAsAnswerDate": null
  },
  {
    "Id": "560830",
    "ThreadId": "244572",
    "Html": "\r\n<p>I'm not sure what a model for statistical machine translation would look like, I've not tried to do that.</p>\r\n<p>It may be worth asking the question on the OpenNLP users list (<a href=\"http://incubator.apache.org/opennlp/mail-lists.html\">http://incubator.apache.org/opennlp/mail-lists.html</a>)</p>\r\n",
    "PostedDate": "2011-02-04T08:03:57.14-08:00",
    "UserRole": null,
    "MarkedAsAnswerDate": null
  },
  {
    "Id": "560907",
    "ThreadId": "244572",
    "Html": "\r\n<p>Thank you for the answer Patrick. I will try it.</p>\r\n<p>I will send my question to openNLP too.</p>\r\n",
    "PostedDate": "2011-02-04T10:39:45.4-08:00",
    "UserRole": null,
    "MarkedAsAnswerDate": null
  }
]