[
  {
    "Id": "1062012",
    "ThreadId": "448421",
    "Html": "How fast is your parser?\r<br />\n<br />\nI am looking for parser speed numbers.   I found this paper <a href=\"http://ieeexplore.ieee.org/xpl/articleDetails.jsp?reload=true&amp;tp=&amp;arnumber=6177729&amp;contentType=Journals+%26+Magazines&amp;sortType%3Dasc_p_Sequence%26filter%3DAND%28p_IS_Number%3A6177717%29\" rel=\"nofollow\">Deep Parsing In Watson</a> that gives a speed of about 5000 words per second.\r<br />\n<br />\nI also found this paper <a href=\"http://citeseerx.ist.psu.edu/viewdoc/summary?doi=10.1.1.106.5392\" rel=\"nofollow\">Chunk Parsing Revisited</a> that gives a speed of about 1600 words per second.\r<br />\n<br />\nAre there parsing technologies out there that are faster than this?\r<br />\n<br />\nI have been developing a new incremental parser that achieves parse speeds of about 48,000 words per second.   I want to know if there is value in this kind of performance.   Here is a link that shows the details of the <a href=\"http://cuttingedgelanguagesystems.com/ridgefieldparser.html\" rel=\"nofollow\">performance</a>.\r<br />\n<br />\nThanks for your help,\r<br />\nBob<br />\n",
    "PostedDate": "2013-06-27T08:08:49.393-07:00",
    "UserRole": null,
    "MarkedAsAnswerDate": null
  }
]