[
  {
    "Id": "717197",
    "ThreadId": "284174",
    "Html": "\r\n<p>Is it possible to use SharpNLP with french language ?</p>\r\n<p>If Yes, how can do it ? Is there some specific configuration ?</p>\r\n<p>&nbsp;</p>\r\n<p>Best regards.</p>\r\n<p>&nbsp;</p>\r\n<p>Christian.</p>\r\n<p>&nbsp;</p>\r\n",
    "PostedDate": "2011-12-26T08:10:36.757-08:00",
    "UserRole": null,
    "MarkedAsAnswerDate": null
  },
  {
    "Id": "730018",
    "ThreadId": "284174",
    "Html": "<p>I' m interested too, but in spanish language :)</p>",
    "PostedDate": "2012-01-24T09:02:34.577-08:00",
    "UserRole": null,
    "MarkedAsAnswerDate": null
  }
]