[
  {
    "Id": "648767",
    "ThreadId": "266850",
    "Html": "<p>I tried POS tag with both c# and java.</p>\n<p>But for some words i am getting different results.&nbsp; For example : \"melting point\" .</p>\n<p>In C# (using sharpNLP model) i am getting result : [NN,NN]&nbsp;&nbsp;&nbsp;</p>\n<p>but,</p>\n<p>In java, (using openNLP 1.5 model) i am getting result : [VBG,NN] .</p>\n<p>&nbsp;</p>\n<p>Are these kind of difference expected. which one i should follow ?</p>\n<p>&nbsp;</p>\n<p>Thanks in advance,</p>\n<p>Vinay</p>",
    "PostedDate": "2011-07-28T00:06:11.793-07:00",
    "UserRole": null,
    "MarkedAsAnswerDate": null
  },
  {
    "Id": "648901",
    "ThreadId": "266850",
    "Html": "Open NLP is several years more current than SharpNLP.\r\n<div><br>\r\n<br>\r\n<div>On Thu, Jul 28, 2011 at 3:06 AM, vinayds <span dir=\"ltr\">&lt;<a href=\"mailto:notifications@codeplex.com\">notifications@codeplex.com</a>&gt;</span> wrote:<br>\r\n<blockquote style=\"margin:0 0 0 .8ex; border-left:1px #ccc solid; padding-left:1ex\">\r\n<div>\r\n<p>From: vinayds</p>\r\n<div>\r\n<p>I tried POS tag with both c# and java.</p>\r\n<p>But for some words i am getting different results. For example : &quot;melting point&quot; .</p>\r\n<p>In C# (using sharpNLP model) i am getting result : [NN,NN] </p>\r\n<p>but,</p>\r\n<p>In java, (using openNLP 1.5 model) i am getting result : [VBG,NN] .</p>\r\n<p></p>\r\n<p>Is these kind of difference expected. which one i should follow ?</p>\r\n<p></p>\r\n<p>Thanks in advance,</p>\r\n<p>Vinay</p>\r\n<p></p>\r\n</div>\r\n<div>\r\n<p>Read the <a href=\"http://sharpnlp.codeplex.com/discussions/266850#post648767\" target=\"_blank\">\r\nfull discussion online</a>.</p>\r\n<p>To add a post to this discussion, reply to this email (<a href=\"mailto:sharpnlp@discussions.codeplex.com?subject=[sharpnlp:266850]\" target=\"_blank\">sharpnlp@discussions.codeplex.com</a>)</p>\r\n<p>To start a new discussion for this project, email <a href=\"mailto:sharpnlp@discussions.codeplex.com\" target=\"_blank\">\r\nsharpnlp@discussions.codeplex.com</a></p>\r\n<p>You are receiving this email because you subscribed to this discussion on CodePlex. You can\r\n<a href=\"https://sharpnlp.codeplex.com/subscriptions/thread/project/edit\" target=\"_blank\">\r\nunsubscribe or change your settings</a> on codePlex.com.</p>\r\n<p>Please note: Images and attachments will be removed from emails. Any posts to this discussion will also be available online at\r\n<a href=\"http://codeplex.com\" target=\"_blank\">codeplex.com</a></p>\r\n</div>\r\n</div>\r\n</blockquote>\r\n</div>\r\n<br>\r\n<br clear=\"all\">\r\n<br>\r\n-- <br>\r\n<p><a name=\"SafeHtmlFilter__MailAutoSig\"><span></span></a></p>\r\n<div style=\"border-top:solid #4F81BD 3.0pt; border-left:none; border-bottom:solid #4F81BD 1.0pt; border-right:none; padding:1.0pt 0in 1.0pt 0in\">\r\n<p style=\"border:none; padding:0in\"><span><span style=\"font-size:8.0pt; color:#1F497D\">Patrick Burrows\r\n</span></span><span><span style=\"font-size:8.0pt; font-family:Marlett; color:#1F497D\">i</span></span><span><span style=\"font-size:8.0pt; color:#1F497D\">\r\n</span></span><a href=\"mailto:pburrows@burrowscorp.com\" target=\"_blank\"><span><span style=\"font-size:8.0pt; color:#1F497D\">pburrows@burrowscorp.com</span></span><span></span></a><span><span style=\"font-size:8.0pt; color:#1F497D\">\r\n</span></span><span><span style=\"font-size:8.0pt; font-family:Marlett; color:#1F497D\">i</span></span><span><span style=\"font-size:8.0pt; color:#1F497D\">\r\n</span></span><a href=\"http://www.BurrowsCorp.com\" target=\"_blank\"><span><span style=\"font-size:8.0pt; color:blue\">www.BurrowsCorp.com</span></span><span></span></a><span><span style=\"font-size:8.0pt; color:#1F497D\">\r\n</span></span><span><span style=\"font-size:8.0pt; font-family:Marlett; color:#1F497D\">i</span></span><span><span style=\"font-size:8.0pt; color:#1F497D\"> office: 1 (866) 263 -0007\r\n</span></span><span><span style=\"font-size:8.0pt; font-family:Marlett; color:#1F497D\">i</span></span><span><span style=\"font-size:8.0pt; color:#1F497D\"> cell: (407) 221-3513</span></span></p>\r\n</div>\r\n<p><span><span></span></span></p>\r\n<br>\r\n</div>\r\n",
    "PostedDate": "2011-07-28T05:20:08.437-07:00",
    "UserRole": null,
    "MarkedAsAnswerDate": null
  },
  {
    "Id": "648942",
    "ThreadId": "266850",
    "Html": "<p>Ok. In openNLP i see 2 types of model. 1. perceptron model and 2. maxent model.</p>\r\n<p>i see difference in their results too. why is that ?</p>",
    "PostedDate": "2011-07-28T06:21:53.587-07:00",
    "UserRole": null,
    "MarkedAsAnswerDate": null
  }
]