[
  {
    "Id": "115170",
    "ThreadId": "34687",
    "Html": "Hi,<br>\r\nI have a question regarding&nbsp;creation of the model files. I want to merge the nbin files or in other words is there any way to create nbin files in incremental way? I have looked through the code and found that the simple merging is not the correct way, it writes the model file in a predefined sequence of different parameters like it first write the type then correction constant, correction parameter and so on..<br>\r\nAnd Now I have a situation that I have trained 2 sets of model files and want to merge them for better result.<br>\r\nCan anyone give their guidance on it.<br>\r\n<br>\r\nThnks in advance.\r\n",
    "PostedDate": "2008-09-01T08:19:17.8-07:00",
    "UserRole": null,
    "MarkedAsAnswerDate": null
  }
]