[
  {
    "Id": "1073701",
    "ThreadId": "451558",
    "Html": "Hi All,\r<br />\n<br />\nI used sharpNLP parser to parse a sentence and I get this output:\r<br />\n<br />\n(TOP (S (NP (PRP I)) (VP (VBP want) (S (VP (TO to) (VP (VB buy) (NP (DT a) (NN car))))))))\r<br />\n<br />\nis there anybody could help me by telling me how could I make this string into XML?\r<br />\n<br />\nThanks in advance.\r<br />\n<br />\n<br />\nBest regards,\r<br />\n<br />\n<br />\nA <br />\n",
    "PostedDate": "2013-07-26T15:17:10.747-07:00",
    "UserRole": null,
    "MarkedAsAnswerDate": null
  }
]