[
  {
    "Id": "416023",
    "ThreadId": "204348",
    "Html": "<p>Hi</p>\r\n<p>I have just begun to dive into parsing etc and need to learn to include NLP. I found this site and installed the necessary components and would like to look at a sample program or tutorial. Is anything available? Also can I just reference this library through vb.net or is it strictly for C#? Please advise.</p>\r\n<p>&nbsp;</p>\r\n<p>Thanks</p>",
    "PostedDate": "2010-03-09T10:21:30.263-08:00",
    "UserRole": null,
    "MarkedAsAnswerDate": null
  }
]