[
  {
    "Id": "4330",
    "ThreadId": "1328",
    "Html": "\r\nCould you describe the SharpEntropy tool's state of database support?<br />I really like the basic ideal of reading models from databases, but there are several things I'm concerned about:<br />-the choice of SQLite -in my experience, for really large datasets, it doesn't scale up so well -depending on how you solved the storage, it might be a problem. Have you done any measurements, like comparing the overall speed of sentence tagging from .nbin VS database? <a href=\"http://www.codeplex.com/sharpnlp/Wiki/View.aspx?title=of%20course%2c%20if%20you%20used%20ADO.NET%2c%20then%20simply%20changing%20the%20database%20underneath%20it%20won%27t%20be%20a%20problem%20at%20all\">of course, if you used ADO.NET, then simply changing the database underneath it won't be a problem at all</a><br /><br />-is it able to run statelessly from database, or does it have to pre-load the whole database before being able to use the models?<br />",
    "PostedDate": "2006-09-10T07:02:01.097-07:00",
    "UserRole": "Developer",
    "MarkedAsAnswerDate": null
  },
  {
    "Id": "4459",
    "ThreadId": "1328",
    "Html": "<br />&gt; the choice of SQLite -in my experience, for really large datasets, &gt;it doesn't scale up so well <br /><br />It's not hard to create other readers/writers for other databases. I have one for SQL Server pretty much done. I used Sqlite because (a) it is file-based, so it was easier to change clients to test it (b) I was using Sqlite for something else at the time.<br /><br />&gt; depending on how you solved the storage, it might be a problem. Have &gt; you done any measurements, like comparing the overall speed of &gt; sentence tagging from .nbin VS database?<br /><br />I have done some performance testing, but my machine can hold all the .nbin data in memory, so .nbin is always orders of magnitude faster than a solution that reads from disk as necessary rather than reading everything up front.<br /><br />&gt; is it able to run statelessly from database<br />It reads in the outcome names up front (which is trivial), but other than that, data is accessed from the database as required rather than being read all at once up-front as it is with the .nbin models.<br /><br />I changed the class organisation of SharpEntropy quite a bit to enable this to happen, which is one reason wny SharpEntropy's structure has deviated quite a bit from the Java MaxEnt library. <br /><br />",
    "PostedDate": "2006-09-12T05:15:08.933-07:00",
    "UserRole": "Owner",
    "MarkedAsAnswerDate": null
  },
  {
    "Id": "70645",
    "ThreadId": "1328",
    "Html": "\r\nHi,<br /><br />Not sure if this is an issue, but I could not run the test.exe program in .\\SQLite.NET\\bin directory. The System.Data.SQLite.dll seems not to build right - the System.Data.SQLite.dll taken from SQLite website works properly with this test.exe file.<br /><br />Second thing I want to ask is: where can I find example(s) of the utilization of SQL translation within SharpNLP? What/How is the NLP model presentation created?<br /><br />Thank you very much.<br />",
    "PostedDate": "2008-01-29T10:51:30.713-08:00",
    "UserRole": null,
    "MarkedAsAnswerDate": null
  },
  {
    "Id": "114089",
    "ThreadId": "1328",
    "Html": "Hi,<br>\r\nIf this thread is alive then can somebody help me in using&nbsp;SqliteGisModelWriter and&nbsp;SqliteGisModelReader. I am continuously getting following exception:<br>\r\n<br>\r\nUnable to load DLL 'SQLite.Interop.DLL': The specified module could not be found. (Exception from HRESULT: 0x8007007E)<br>\r\nFrom where I can find this dll? or what are the alternate ways to resolve this issue?<br>\r\n<br>\r\nThanks in advance.\r\n",
    "PostedDate": "2008-08-27T05:07:37.2-07:00",
    "UserRole": null,
    "MarkedAsAnswerDate": null
  }
]