[
  {
    "Id": "1030626",
    "ThreadId": "440333",
    "Html": "Hi all, \r<br />\n<br />\nIn case someone is reading this, I am wondering whether or not SharpNLP is still being actively developed. I posted a question to the forum on 20th of March, to which I haven't received an answer, yet. Also, the last release seems to be from 2006 ?!\r<br />\nSo, if SharpNLP is not being developed anymore, are there any good C# alternatives out there? (I am aware of GATE and OpenNLP)\r<br />\n<br />\nCheers, \r<br />\n<br />\nMartin <br />\n",
    "PostedDate": "2013-04-15T07:06:06.29-07:00",
    "UserRole": null,
    "MarkedAsAnswerDate": null
  },
  {
    "Id": "1052179",
    "ThreadId": "440333",
    "Html": "I have the same question.<br />\n",
    "PostedDate": "2013-06-03T08:10:22.55-07:00",
    "UserRole": null,
    "MarkedAsAnswerDate": null
  },
  {
    "Id": "1052631",
    "ThreadId": "440333",
    "Html": "I had created this project a couple years ago to revive SharpNLP (<a href=\"https://github.com/pburrows/SharperNLP\" rel=\"nofollow\">https://github.com/pburrows/SharperNLP</a>). But then never followed through. Any time I had to work on it evaporated. It was always going to be a catch-up project anyway. \r<br />\n<br />\nAnd with solutions like IKVM (<a href=\"http://www.ikvm.net/\" rel=\"nofollow\">http://www.ikvm.net/</a>) and other Java&lt;-&gt;.Net Interoperability solutions, it seems like making a pure .Net port is of the Java code is of limited utility anyway. \r<br />\n<br />\nSo, yeah, I really think this project is dead. (but I am not the owner)<br />\n",
    "PostedDate": "2013-06-04T07:02:17.653-07:00",
    "UserRole": null,
    "MarkedAsAnswerDate": null
  },
  {
    "Id": "1052968",
    "ThreadId": "440333",
    "Html": "\r\n<div>\r\n<p><span lang=\"EN-US\" style=\"font-size:10.0pt; font-family:\">Hi Patrick, </span></p>\r\n<p><span lang=\"EN-US\" style=\"font-size:10.0pt; font-family:\"></span></p>\r\n<p><span lang=\"EN-US\" style=\"font-size:10.0pt; font-family:\">Thanks a lot for the clarification.\r\n</span></p>\r\n<p><span lang=\"EN-US\" style=\"font-size:10.0pt; font-family:\"></span></p>\r\n<p><span lang=\"EN-US\" style=\"font-size:10.0pt; font-family:\">Cheers, </span></p>\r\n<p><span lang=\"EN-US\" style=\"font-size:10.0pt; font-family:\"></span></p>\r\n<p><span lang=\"EN-US\" style=\"font-size:10.0pt; font-family:\">Martin</span></p>\r\n<p><span lang=\"EN-US\" style=\"font-size:10.0pt; font-family:\"></span></p>\r\n<p><span lang=\"EN-US\"></span></p>\r\n<div>\r\n<div style=\"border:none; border-top:solid #B5C4DF 1.0pt; padding:3.0pt 0cm 0cm 0cm\">\r\n<p><b><span lang=\"EN-US\" style=\"font-size:10.0pt; font-family:\"></span></b></p>\r\n</div>\r\n</div>\r\n</div>\r\n",
    "PostedDate": "2013-06-05T01:13:50.77-07:00",
    "UserRole": null,
    "MarkedAsAnswerDate": null
  }
]