[
  {
    "Id": "90640",
    "ThreadId": "27164",
    "Html": "\r\nHey guys, I'm just curious if anyone is there and actually active on this project? I see the last commit in 2007. I'm looking to use this library pretty heavily in the coming months, and hoping to see if anyone's active. And, if not, I would love to get commit access to help.<br /><br />Thanks,<br />-Jason<br />",
    "PostedDate": "2008-05-05T14:59:46.177-07:00",
    "UserRole": null,
    "MarkedAsAnswerDate": null
  },
  {
    "Id": "99898",
    "ThreadId": "27164",
    "Html": "I was downloading this project, and think it's very cool. I'd like to help too. For example, I'd like to help the community add functions for (1) IsWord, IsVerb, IsNoun, etc..., and (2) to rebuild an array of words with the appropriate white space. Are there people actively contributing to this project?<br>\r\n",
    "PostedDate": "2008-06-19T20:15:41.377-07:00",
    "UserRole": null,
    "MarkedAsAnswerDate": null
  }
]