[
  {
    "Id": "1322322",
    "ThreadId": "572119",
    "Html": "Hi Everyone!\r<br />\nI am trying to develop an application for academic research work where I have to use the tools of SharpNLP for text pre_processing.\r<br />\nI've downloaded SharpNLP and it's working but i didn't find <strong>lemmatization/stemming ,stopword removal and normalization</strong> functions.\r<br />\nDoes sharpNLP have any support for these above mentioned functions? <br />\n",
    "PostedDate": "2014-11-14T11:10:30.343-08:00",
    "UserRole": null,
    "MarkedAsAnswerDate": null
  }
]