[
  {
    "Id": "3950",
    "ThreadId": "1223",
    "Html": "\r\nFrom the Google Groups list<br />http://groups.google.com/group/SharpNLP/browse_thread/thread/d20f440554a6cb77/2fc6646c32c1c7e4<br /><br />&gt; Right now, to run any of the demos, the user have to go through the<br />&gt; following procedure:<br />&gt; 1, download the sources, and re-compile it<br />&gt; 2, download the .bin files from opennlp<br />&gt; 3, run the modelconverter on most of the .bin files<br />&gt; 4, realize, that they don't have any<br />&gt; C:\\Projects\\DotNet\\OpenNLP\\OpenNLP\\Models\\ directory, and modify it<br />&gt; according to their file system<br />&gt;<br />&gt; ...which is slightly painfull.<br />&gt; solutions:<br />&gt; 1, pre-compiled binaries<br /><br />Yep, this just comes from having a release<br /><br />&gt; 2-3, including the pre-converted binaries into the release version<br /><br />How about releasing the .nbin model files as a separate release from<br />the binaries. They change much less frequently than the source code and<br />they are big files, so it makes sense to prevent people from having to<br />keep downloading the same model files each time we do a new release of<br />library dlls etc.<br /><br />&gt; Now, I gave some thought about the fourth one, and basically it all boils<br />&gt; down to the fact, that we all have our own preferance for directory<br />&gt; structuring. The least complicated solution I could come up with, is adding<br />&gt; a settings file to the OpenNLP project, containing a DataDir string, which<br />&gt; points to the directory containing the .nbin files. This would enable<br />&gt; developers to use whatever directory they already have, while making the<br />&gt; development version - release version shift a matter of changing one line in<br />&gt; the app.config file.<br /><br />The settings file wouldn't be for the library - it would be for the<br />example executables. The library (should be) designed so you can use<br />models in any format supported by SharpEntropy, not just the .nbin<br />versions. I think we need to add an app.config to ToolsExample and<br />ParseTree, then change the constructor of Mainform.cs in each case to<br />read the mModelPath from the app.config rather than the hardcoded<br />string. Best to keep the setting name in app.config consistent; call it<br />ModelPath. (Which reminds me, we should stick to the naming conventions<br />for variables etc. that I have established in the code; it took me a<br />long time to change all the variable names from the Java ones to make<br />them more readable and consistent with Microsoft's .NET guidelines and<br />FxCop. The one wrinkle is using the \"m\" prefix on class-level variables<br />to distinguish them from local ones. This is the convention we use at<br />my workplace, so that's why I used it. I haven't done the FxCop sweep<br />for the coreference code, so expect a lot of variable name changes -<br />and changes generally - to that part of the code over the next few<br />weeks.)<br /><br />&gt; Also, how do you feel towards the version number? Personally, using the last<br />&gt; stable version for more than four month of experimenting, I haven't come<br />&gt; upon any crashes, or major malfunctions (some minor glitches with the Parser<br />&gt; tool's ability to parse sentences with more than 2 composite sentences,<br />&gt; though....)<br /><br />Well, that's good news. I am still aware of the nasty SharpEntropy bug<br />that makes the Smoothing option for training not work. Tell me some<br />more about the problem with the Parser.<br /><br />&gt; If you give the OK sign, I'll package the release version, and upload it to<br />&gt; codeplex.<br /><br />I would prefer not to release the version with half-finished<br />coreference tool. Could we release the .NET 2.0 binaries that I provide<br />currently via the CodeProject article, and then do a release with<br />coreference included in a few weeks' time?<br /><br />&gt;<br />&gt; (yes, these are all minor details towards the holy grail ;) , but they still<br />&gt; needs to be addressed)<br /><br />Talking of minor details, do you have any time to look into using<br />Sandcastle to produce .NET 2.0 documentation, now that the NDoc person<br />has decided not to do an NDoc for .NET 2.0?<br /><br /><br />&gt; SDr<br /><br />Richard<br />",
    "PostedDate": "2006-09-04T14:02:56.407-07:00",
    "UserRole": "Developer",
    "MarkedAsAnswerDate": null
  },
  {
    "Id": "4118",
    "ThreadId": "1223",
    "Html": "\r\nHi,<br /><br />Thanks for copying across my message from the SharpNLP Google group to here.<br /><br />Did you have any comments on any of the things I wrote?<br /><br />Richard<br />",
    "PostedDate": "2006-09-07T01:00:54.97-07:00",
    "UserRole": "Owner",
    "MarkedAsAnswerDate": null
  },
  {
    "Id": "4334",
    "ThreadId": "1223",
    "Html": "\r\n&gt;How about releasing the .nbin model files as a separate release from<br />&gt;the binaries. <br /><br />Agreed<br /><br />&gt;The library (should be) designed so you can use<br />&gt;models in any format supported by SharpEntropy, not just the .nbin<br />&gt;versions.<br /><br />This brings up another question regarding the config files: if the models are stored in a database, how do we store it in the config files? A \"file://\" / \"sqlite://\" prefix maybe?<br /><br />I'll look into the rest of the stuff as soon as I've got a stable internet connection <a href=\"http://www.codeplex.com/sharpnlp/Wiki/View.aspx?title=probably%20a%20week%2c%20or%20so\">probably a week, or so</a><br /><br />",
    "PostedDate": "2006-09-10T08:17:30.547-07:00",
    "UserRole": "Developer",
    "MarkedAsAnswerDate": null
  },
  {
    "Id": "4458",
    "ThreadId": "1223",
    "Html": "\r\n&gt;This brings up another question regarding the config files: if the &gt;models are stored in a database, how do we store it in the config &gt;files? A \"file://\" / \"sqlite://\" prefix maybe?<br /><br />Sqlite is file-based, so a file path to the Sqlite database would work fine. There would be an issue, however, if I put in my code to use SQL Server as the model store, because then you would need the database connection string. These issues would be handled by the client application, however, not the OpenNLP or SharpEntropy libraries. The OpenNLP library will just take a GisModel object; it doesn't care how that object was constructed or the internals of where it's getting its data from. <br /><br /><br />",
    "PostedDate": "2006-09-12T05:07:06.587-07:00",
    "UserRole": "Owner",
    "MarkedAsAnswerDate": null
  }
]