[
  {
    "Id": "11982",
    "ThreadId": "3768",
    "Html": "\r\nCan anyone explain how I can use SharpWordNet?<br />I'm using SharpNLP and am considering moving away from Wordnet.Net to SharpWordNet.<br />Specifically I'm looking to do the following things.<br /><br />- How can I retrieve synonyms? (words withing same synset)<br />- How can I get a word baseform (lemma)<br />- How can I search holonyms / hypernyms?<br /><br />Are there any samples available?<br />Is the use the same as Wordnet.net?<br /><br />Thanks for your help.<br />Keep up the great work!<br />",
    "PostedDate": "2007-01-22T01:03:24.557-08:00",
    "UserRole": null,
    "MarkedAsAnswerDate": null
  },
  {
    "Id": "23055",
    "ThreadId": "3768",
    "Html": "\r\nCreate a WordNetEngine by instantiating one of its concrete implementations (there is only 1 currently; the DataFileEngine, which takes a path to the WordNet database files):<br /><br />SharpWordNet.WordNetEngine engine = new SharpWordNet.DataFileEngine(@\"C:\\Program Files\\WordNet\\2.1\\dict\");<br /><br />Obtain a synset by calling GetSynset or GetSynsets with the method signature that fits your usage. For example:<br /><br />SharpWordNet.Synset[] synsets = engine.GetSynsets(lemma, partOfSpeech);<br /><br />Once you have a Synset object, you can a count of words (the WordCount property) and get each word by using the GetWord() method.<br /><br />You can investigate the synset's relations (\"currentSynset\" is the Synset object):<br /><br />for (int currentRelation = 0; currentRelation &lt; currentSynset.RelationCount; currentRelation++)<br />{<br />    SharpWordNet.Relation relation = currentSynset.GetRelation(currentRelation);<br />    if (relation.SynsetRelationType.Name == \"Hypernym\")<br />    {<br />         //do something with this hypernym<br />         //the related synset is in relation.TargetSynset<br />    }<br />}<br /><br />I will try to find the time to write a sample to explain these things further.<br />Thanks for your interest in SharpNLP.<br /><br />Richard<br /><br /><br />",
    "PostedDate": "2007-02-11T03:28:37.45-08:00",
    "UserRole": "Owner",
    "MarkedAsAnswerDate": null
  },
  {
    "Id": "73084",
    "ThreadId": "3768",
    "Html": "\r\nHello,<br /><br />I'm not sure this is the correct place to post this question, but would appreciate any advice offered. My question concerns a specific use or method to parse a set of, let's call them \"blog-type\" postings, in an effort to group statistically significant clusters of concepts or similar post categories. The ultimate goal would be to produce a simple report for a C-level director that can convey topics that can be shown to have the most consistent significance from the corpus of blog postings. I have done some preliminary research on appropriate techniques that might help me in my project, but am a bit overwhelmed by the shear number of esoteric techniques that seem to lend themselves to solving problems within this domain. I seem to find that a number of techniques could be used individually such as Bayesian analysis, NLP, Monte Carlo simulation, etc., but no single one that can be utilized for anything close to an 80/20 result. As I said, I am eager to learn, but just have not been exposed to the possibilities.<br /><br />Thanks kindly,<br />-bill<br />",
    "PostedDate": "2008-02-11T09:10:42.263-08:00",
    "UserRole": null,
    "MarkedAsAnswerDate": null
  },
  {
    "Id": "73085",
    "ThreadId": "3768",
    "Html": "\r\ndupe.<br />",
    "PostedDate": "2008-02-11T09:10:44.933-08:00",
    "UserRole": null,
    "MarkedAsAnswerDate": null
  },
  {
    "Id": "618843",
    "ThreadId": "3768",
    "Html": "<p>Hi,</p>\r\n<p>I have a problem with engine.GetPartsOfSpeech().</p>\r\n<p>When I enter \"sent\" or \"came\" or any other past-tense it does not return any part of speech. I was wondering why.</p>\r\n<p>I tried WordNet browser and it seems that it is in the WordNet, but the method can not return it.</p>\r\n<p>Any solutions?</p>",
    "PostedDate": "2011-05-26T10:22:04.553-07:00",
    "UserRole": null,
    "MarkedAsAnswerDate": null
  }
]