[
  {
    "Id": "255539",
    "ThreadId": "74668",
    "Html": "<p>&nbsp;</p>\r\n<div id=\"ctl00_ctl00_MasterContent_Content_DescriptionPanel\" style=\"overflow-x:auto;overflow-y:auto;width:931px\">I am using &ldquo;SharpNLP-1.0.2529-Bin\\ToolsExample.exe&rdquo; example. As soon as I click on &ldquo;POS tagger&rdquo; button I get following exception:<br><br>System.ArgumentOutOfRangeException: Non-negative number required.<br>Parameter name: count<br>at System.IO.FileStream.Read(Byte[] array, Int32 offset, Int32 count)<br>at SharpEntropy.IO.BinaryGisModelReader.ReadString()<br>at SharpEntropy.IO.BinaryGisModelReader.ReadPredicates(Int32[][]&amp; outcomePatterns, Dictionary`2&amp; predicates)<br>at SharpEntropy.IO.GisModelReader.ReadModel()<br>at SharpEntropy.IO.BinaryGisModelReader..ctor(String fileName)<br>at OpenNLP.Tools.SentenceDetect.EnglishMaximumEntropySentenceDetector..ctor(String name)<br>at ToolsExample.MainForm.SplitSentences(String paragraph)<br>at ToolsExample.MainForm.btnSplit_Click(Object sender, EventArgs e)<br>at System.Windows.Forms.Control.OnClick(EventArgs e)<br>at System.Windows.Forms.Button.OnClick(EventArgs e)<br>at System.Windows.Forms.Button.OnMouseUp(MouseEventArgs mevent)<br>at System.Windows.Forms.Control.WmMouseUp(Message&amp; m, MouseButtons button, Int32 clicks)<br>at System.Windows.Forms.Control.WndProc(Message&amp; m)<br>at System.Windows.Forms.ButtonBase.WndProc(Message&amp; m)<br>at System.Windows.Forms.Button.WndProc(Message&amp; m)<br>at System.Windows.Forms.Control.ControlNativeWindow.OnMessage(Message&amp; m)<br>at System.Windows.Forms.Control.ControlNativeWindow.WndProc(Message&amp; m)<br>at System.Windows.Forms.NativeWindow.Callback(IntPtr hWnd, Int32 msg, IntPtr wparam, IntPtr lparam)<br><br>Is their any setting I need to do to solve this problem?<br><br>Thank you</div>\r\n<p>&nbsp;</p>\r\n<p>&nbsp;</p>",
    "PostedDate": "2009-11-10T08:00:44.01-08:00",
    "UserRole": null,
    "MarkedAsAnswerDate": null
  },
  {
    "Id": "565077",
    "ThreadId": "74668",
    "Html": "<p>your nbin files is corrupted, please download again and try. I have face this problem during last time.</p>",
    "PostedDate": "2011-02-12T02:46:41.14-08:00",
    "UserRole": null,
    "MarkedAsAnswerDate": null
  }
]