[
  {
    "Id": "1223",
    "Title": "Next release",
    "LatestDate": "2006-09-12T05:07:06.587-07:00"
  },
  {
    "Id": "1328",
    "Title": "Database support",
    "LatestDate": "2008-08-27T05:07:37.2-07:00"
  },
  {
    "Id": "3768",
    "Title": "SharpWordNet sample?",
    "LatestDate": "2011-05-26T10:22:04.553-07:00"
  },
  {
    "Id": "12070",
    "Title": "Use of SharpEntropy",
    "LatestDate": "2007-07-04T02:47:17.063-07:00"
  },
  {
    "Id": "18033",
    "Title": "Spanish language support",
    "LatestDate": "2007-11-19T09:30:20.44-08:00"
  },
  {
    "Id": "19838",
    "Title": "Consolidate Models into one release zip",
    "LatestDate": "2008-01-02T09:44:02.4-08:00"
  },
  {
    "Id": "20966",
    "Title": "How active is this project?",
    "LatestDate": "2008-01-24T08:41:24.7-08:00"
  },
  {
    "Id": "23296",
    "Title": "Problem in Running Source code of SharpNLP",
    "LatestDate": "2008-03-03T21:38:09.177-08:00"
  },
  {
    "Id": "25794",
    "Title": "How to open *.nbin files???",
    "LatestDate": "2008-04-11T12:59:44.97-07:00"
  },
  {
    "Id": "26461",
    "Title": "How Train Models for Urdu",
    "LatestDate": "2010-10-29T06:39:30.763-07:00"
  },
  {
    "Id": "27164",
    "Title": "Anyone there?",
    "LatestDate": "2008-06-19T20:15:41.377-07:00"
  },
  {
    "Id": "34687",
    "Title": "Incrementail model file..",
    "LatestDate": "2008-09-01T08:19:17.8-07:00"
  },
  {
    "Id": "40614",
    "Title": "Problem in running the project from C# (Consider the source code \"SharpNLP - open source natural language processing tools\")",
    "LatestDate": "2008-11-24T02:46:35.957-08:00"
  },
  {
    "Id": "53145",
    "Title": "Using models from OpenNLP 1.4 ?",
    "LatestDate": "2009-04-13T16:05:10.38-07:00"
  },
  {
    "Id": "56872",
    "Title": "multi-threading",
    "LatestDate": "2009-05-20T00:25:25.17-07:00"
  },
  {
    "Id": "59806",
    "Title": "Project Alive?",
    "LatestDate": "2010-12-12T11:53:40.447-08:00"
  },
  {
    "Id": "74668",
    "Title": "Problem while using SharpNLP-1.0.2529-Bin\\ToolsExample.exe",
    "LatestDate": "2011-02-12T02:46:41.14-08:00"
  },
  {
    "Id": "203350",
    "Title": "POS Tagger has only 3 tags???",
    "LatestDate": "2010-02-28T11:04:41.147-08:00"
  },
  {
    "Id": "204348",
    "Title": "newbie looking for tutorial",
    "LatestDate": "2010-03-09T10:21:30.263-08:00"
  },
  {
    "Id": "216119",
    "Title": "Richard Where are you :-)",
    "LatestDate": "2010-06-15T12:22:45.64-07:00"
  },
  {
    "Id": "218381",
    "Title": "Coreference Tool Usage",
    "LatestDate": "2010-07-05T12:10:35.497-07:00"
  },
  {
    "Id": "240511",
    "Title": "Error in running the source code of sharpnlp",
    "LatestDate": "2011-01-04T20:34:27.203-08:00"
  },
  {
    "Id": "243746",
    "Title": "Interested In Reviving This Project?",
    "LatestDate": "2011-07-25T20:47:34.35-07:00"
  },
  {
    "Id": "244572",
    "Title": "how can create nbin format from data ",
    "LatestDate": "2011-02-04T10:39:45.4-08:00"
  },
  {
    "Id": "255707",
    "Title": "Stemming",
    "LatestDate": "2011-04-29T06:49:33.757-07:00"
  },
  {
    "Id": "263620",
    "Title": "An easy(ish) alternative to porting OpenNlp to C#",
    "LatestDate": "2015-04-30T03:25:37.597-07:00"
  },
  {
    "Id": "266850",
    "Title": "sharpNLP v/s openNLP",
    "LatestDate": "2011-07-28T06:21:53.587-07:00"
  },
  {
    "Id": "284174",
    "Title": "SharpNLP with french language ",
    "LatestDate": "2012-01-24T09:02:34.577-08:00"
  },
  {
    "Id": "348949",
    "Title": "I have an improvement to the Tokenizer",
    "LatestDate": "2012-07-30T08:47:02.207-07:00"
  },
  {
    "Id": "357078",
    "Title": "I have a threadsafe version",
    "LatestDate": "2012-06-15T08:42:40.233-07:00"
  },
  {
    "Id": "358782",
    "Title": "What is an nbin file?",
    "LatestDate": "2012-06-07T14:06:52.24-07:00"
  },
  {
    "Id": "391644",
    "Title": "How can I extract triplet (subject, predicate, object) from sentence using SharpNLP",
    "LatestDate": "2013-07-26T08:54:17.107-07:00"
  },
  {
    "Id": "437401",
    "Title": "Is there a German model and how to add your own abbreviations? ",
    "LatestDate": "2013-04-15T07:06:21.547-07:00"
  },
  {
    "Id": "440333",
    "Title": "Is this project dead?",
    "LatestDate": "2013-06-05T01:13:50.77-07:00"
  },
  {
    "Id": "440629",
    "Title": "The maximum entropy models that you have for download are linked with Reuters Corpus?",
    "LatestDate": "2013-04-17T08:47:46.187-07:00"
  },
  {
    "Id": "448421",
    "Title": "parser performance",
    "LatestDate": "2013-06-27T08:08:49.393-07:00"
  },
  {
    "Id": "449049",
    "Title": "Coreference resolution",
    "LatestDate": "2013-07-04T02:47:20.72-07:00"
  },
  {
    "Id": "450180",
    "Title": "Update Scheduled?",
    "LatestDate": "2013-07-16T06:18:11.033-07:00"
  },
  {
    "Id": "451558",
    "Title": "How can I transfer the output of the full parser into XML",
    "LatestDate": "2013-07-26T15:17:10.747-07:00"
  },
  {
    "Id": "453100",
    "Title": "How to Contribute?  ",
    "LatestDate": "2013-09-20T12:04:04.603-07:00"
  },
  {
    "Id": "531903",
    "Title": "REGEX matching in SharpNLP",
    "LatestDate": "2014-02-14T07:42:18.317-08:00"
  },
  {
    "Id": "549630",
    "Title": "POS tagset",
    "LatestDate": "2014-12-22T08:12:19.627-08:00"
  },
  {
    "Id": "570852",
    "Title": "New C# port of OpenNLP - SharpNL",
    "LatestDate": "2015-07-19T16:06:31.067-07:00"
  },
  {
    "Id": "572119",
    "Title": "Does SharpNLP have support for Stemming and Normalization?",
    "LatestDate": "2014-11-14T11:10:30.343-08:00"
  },
  {
    "Id": "577403",
    "Title": ".nbin files and OpenNLP.ddl explanation.",
    "LatestDate": "2015-01-11T07:21:05.33-08:00"
  },
  {
    "Id": "663924",
    "Title": "Split Arabic Verbs & Nouns",
    "LatestDate": "2017-10-25T12:25:49.973-07:00"
  }
]