[
  {
    "Id": "463538",
    "ThreadId": "218381",
    "Html": "<p>Hi All,&nbsp;</p>\r\n<p>First of all, great job with this project, I use it quite a bit. &nbsp;However, I'm having some issues with the coreference tool, &nbsp;I'm not exactly sure how to parse the output. &nbsp;I see that there is a number of discourse entities and mentions that are private, and it returns the parsed string, but it's not quite what I expected. &nbsp;I was thinking I'd see something more in the line of an list of lists of words that were coreferring.&nbsp;</p>\r\n<p>Something like a list of these returned from the GetCoreferenceParse method.&nbsp;</p>\r\n<p>public class CoreferringParses<br>{<br><span style=\"white-space:pre\"> </span>public IList&lt;Parse&gt; ReferringParses { get; set; }<br>}</p>\r\n<p>Or something like that.&nbsp;</p>\r\n<p>Two questions, what am I missing and how might I go about getting to what I want from here? &nbsp;</p>\r\n<p>Thanks,&nbsp;</p>\r\n<p>Jason</p>\r\n<p>&nbsp;</p>\r\n<p>edit: Nevermind, looks like the DiscourseEntities are what I'm looking for.&nbsp;</p>",
    "PostedDate": "2010-07-05T12:10:35.497-07:00",
    "UserRole": null,
    "MarkedAsAnswerDate": null
  }
]