[
  {
    "Id": "899402",
    "ThreadId": "391644",
    "Html": "\r\n<p>Hi, everyone!</p>\r\n<p>Can you help me.</p>\r\n<p>Now I am developing program for extracting triplet (subject, predicate, object) from sentence.&nbsp; I read article about extraction http://ailab.ijs.si/delia_rusu/Papers/is_2007.pdf,&nbsp; coded algorithm, but it is not working. Maybe somebody knows how\r\n to solve this task using SharpNLP?&nbsp;</p>\r\n",
    "PostedDate": "2012-08-14T22:28:27.81-07:00",
    "UserRole": null,
    "MarkedAsAnswerDate": null
  },
  {
    "Id": "982997",
    "ThreadId": "391644",
    "Html": "\r\n<p>Hello everyone -</p>\r\n<p>I am also working on the extraction of Triplets. Is anybody knows about any tool which generates the triplets from a given sentence? If you know any tool online, please let me know.</p>\r\n<p>Thanks,<br>\r\nKathir&nbsp;</p>\r\n",
    "PostedDate": "2013-01-04T04:05:32.507-08:00",
    "UserRole": null,
    "MarkedAsAnswerDate": null
  },
  {
    "Id": "1073550",
    "ThreadId": "391644",
    "Html": "Hi All,\r<br />\n<br />\nI think you should use Tree traversal to traverse the full parsing tree after converting it into XML.\r<br />\n<br />\nThanks.<br />\n",
    "PostedDate": "2013-07-26T08:54:17.107-07:00",
    "UserRole": null,
    "MarkedAsAnswerDate": null
  }
]