{
  "WorkItem": {
    "AffectedComponent": {
      "Name": "",
      "DisplayName": ""
    },
    "ClosedComment": "",
    "ClosedDate": null,
    "CommentCount": 0,
    "Custom": null,
    "Description": "Hello support\n\tI am using “SharpNLP-1.0.2529-Bin\\ToolsExample.exe” example. As soon as I click on “Split” button I get following exception:\n \nSystem.ArgumentOutOfRangeException: Non-negative number required.\nParameter name: count\n   at System.IO.FileStream.Read(Byte[] array, Int32 offset, Int32 count)\n   at SharpEntropy.IO.BinaryGisModelReader.ReadString()\n   at SharpEntropy.IO.BinaryGisModelReader.ReadPredicates(Int32[][]& outcomePatterns, Dictionary`2& predicates)\n   at SharpEntropy.IO.GisModelReader.ReadModel()\n   at SharpEntropy.IO.BinaryGisModelReader..ctor(String fileName)\n   at OpenNLP.Tools.SentenceDetect.EnglishMaximumEntropySentenceDetector..ctor(String name)\n   at ToolsExample.MainForm.SplitSentences(String paragraph)\n   at ToolsExample.MainForm.btnSplit_Click(Object sender, EventArgs e)\n   at System.Windows.Forms.Control.OnClick(EventArgs e)\n   at System.Windows.Forms.Button.OnClick(EventArgs e)\n   at System.Windows.Forms.Button.OnMouseUp(MouseEventArgs mevent)\n   at System.Windows.Forms.Control.WmMouseUp(Message& m, MouseButtons button, Int32 clicks)\n   at System.Windows.Forms.Control.WndProc(Message& m)\n   at System.Windows.Forms.ButtonBase.WndProc(Message& m)\n   at System.Windows.Forms.Button.WndProc(Message& m)\n   at System.Windows.Forms.Control.ControlNativeWindow.OnMessage(Message& m)\n   at System.Windows.Forms.Control.ControlNativeWindow.WndProc(Message& m)\n   at System.Windows.Forms.NativeWindow.Callback(IntPtr hWnd, Int32 msg, IntPtr wparam, IntPtr lparam)\n \n Is their any setting I need to do to solve this problem?\n \nThank you",
    "LastUpdatedDate": "2013-02-21T16:16:54.677-08:00",
    "PlannedForRelease": "",
    "ReleaseVisibleToPublic": false,
    "Priority": {
      "Name": "Low",
      "Severity": 50,
      "Id": 1
    },
    "ProjectName": "sharpnlp",
    "ReportedDate": "2009-06-29T10:45:03.17-07:00",
    "Status": {
      "Name": "Proposed",
      "Id": 1
    },
    "ReasonClosed": {
      "Name": "Unassigned"
    },
    "Summary": "Problem while using SharpNLP-1.0.2529-Bin\\ToolsExample.exe",
    "Type": {
      "Name": "Issue",
      "Id": 3
    },
    "VoteCount": 2,
    "Id": 23297
  },
  "FileAttachments": [],
  "Comments": [
    {
      "Message": "I met the same problem!! I wonder whether this project is still active.....",
      "PostedDate": "2009-11-10T07:57:45.82-08:00",
      "Id": -2147483648
    },
    {
      "Message": "Adding the following snippet to line 169 of \\SharpEntropy\\IO\\BinaryGisModelReader.cs (inside the for loop below this comment: \"//read in the details of the predicates in this pattern\") fixed it for me.\r\n\r\nif (mInput.Position == mInput.Length)\r\n{\r\n    return;\r\n}\r\n\r\nI also suspect from looking at the codeproject comments here: http://www.codeproject.com/KB/recipes/englishparsing.aspx it could also be fixed by downloading the Java .bin files and using the ModelConverter on them but haven't tried that.",
      "PostedDate": "2010-10-20T04:39:39.113-07:00",
      "Id": -2147483648
    },
    {
      "Message": "sorry, I added the snippet on line 164, not 169 as I said below.  \r\n\r\nAlso, mInput.Position == mInput.Length just determines that we are at the end of the stream so there's nothing more to read.",
      "PostedDate": "2010-10-20T04:43:02.427-07:00",
      "Id": -2147483648
    },
    {
      "Message": "",
      "PostedDate": "2013-02-21T16:16:54.677-08:00",
      "Id": -2147483648
    }
  ]
}