{
  "WorkItem": {
    "AffectedComponent": {
      "Name": "",
      "DisplayName": ""
    },
    "ClosedComment": "",
    "ClosedDate": null,
    "CommentCount": 0,
    "Custom": null,
    "Description": "could you tell me how can i open the *.nbin file?i want to analys that file for futhure project. thank's",
    "LastUpdatedDate": "2013-02-21T16:16:55.077-08:00",
    "PlannedForRelease": "",
    "ReleaseVisibleToPublic": false,
    "Priority": {
      "Name": "Low",
      "Severity": 50,
      "Id": 1
    },
    "ProjectName": "sharpnlp",
    "ReportedDate": "2008-04-11T12:54:05.37-07:00",
    "Status": {
      "Name": "Proposed",
      "Id": 1
    },
    "ReasonClosed": {
      "Name": "Unassigned"
    },
    "Summary": "Need help on *.nbin files!",
    "Type": {
      "Name": "Issue",
      "Id": 3
    },
    "VoteCount": 2,
    "Id": 16079
  },
  "FileAttachments": [],
  "Comments": [
    {
      "Message": "These are \"pre-compiled NASL script\", they \"[allow] authors to write their checks for Nessus and not publish their algorithms.\".\r\n\r\nYou can read these using Nessus.\r\n\r\nSource:\r\n\r\nhttp://blog.tenablesecurity.com/2006/07/smbshellnbin_av.html",
      "PostedDate": "2012-08-17T13:22:19.237-07:00",
      "Id": -2147483648
    },
    {
      "Message": "",
      "PostedDate": "2013-02-21T16:16:55.077-08:00",
      "Id": -2147483648
    }
  ]
}