{
  "WorkItem": {
    "AffectedComponent": {
      "Name": "",
      "DisplayName": ""
    },
    "ClosedComment": "",
    "ClosedDate": null,
    "CommentCount": 0,
    "Custom": null,
    "Description": "When trying to run either ToolsExample or ParseTree demo, an exception occurs:\n \nSystem.IO.DirectoryNotFoundException: Could not find a part of the path 'C:\\Projects\\DotNet\\OpenNLP\\OpenNLP\\Models\\parser\\build.nbin'.\n \nThe model path should not be hardcoded. Please use a configuration file, or just 'models\\' so the programs will respect the working directory.",
    "LastUpdatedDate": "2013-06-14T00:26:01.79-07:00",
    "PlannedForRelease": "SharpNLP 1.0.2529 Beta",
    "ReleaseVisibleToPublic": true,
    "Priority": {
      "Name": "Low",
      "Severity": 50,
      "Id": 1
    },
    "ProjectName": "sharpnlp",
    "ReportedDate": "2007-01-22T01:29:37.587-08:00",
    "Status": {
      "Name": "Resolved",
      "Id": 7
    },
    "ReasonClosed": {
      "Name": "Unassigned"
    },
    "Summary": "Hard-coded model path in demos.",
    "Type": {
      "Name": "Issue",
      "Id": 3
    },
    "VoteCount": 1,
    "Id": 7515
  },
  "FileAttachments": [],
  "Comments": [
    {
      "Message": "I just noticed there is a support for this in the *.config files. Sorry for a premature reporting. :]",
      "PostedDate": "2007-01-22T01:32:15.107-08:00",
      "Id": -2147483648
    },
    {
      "Message": "Hi - this was fixed in the last release. Thanks for raising it though.\r\n\r\nRichard",
      "PostedDate": "2007-02-11T03:10:01.993-08:00",
      "Id": -2147483648
    },
    {
      "Message": "",
      "PostedDate": "2007-02-11T03:10:05.853-08:00",
      "Id": -2147483648
    },
    {
      "Message": "",
      "PostedDate": "2013-02-21T16:16:55.503-08:00",
      "Id": -2147483648
    },
    {
      "Message": "",
      "PostedDate": "2013-05-16T04:00:51.32-07:00",
      "Id": -2147483648
    },
    {
      "Message": "",
      "PostedDate": "2013-05-16T04:00:51.723-07:00",
      "Id": -2147483648
    },
    {
      "Message": "",
      "PostedDate": "2013-06-14T00:26:01.79-07:00",
      "Id": -2147483648
    }
  ]
}