{
  "WorkItem": {
    "AffectedComponent": {
      "Name": "",
      "DisplayName": ""
    },
    "ClosedComment": "",
    "ClosedDate": null,
    "CommentCount": 0,
    "Custom": null,
    "Description": "If one enters this sentence into the NameFinder:\n \n\"Standard Chartered said developers’ concerns over the property market were reflected in data showing residential investment hitting the wall in April, growing just 4% during the month, compared to a 15.1% year-on-year rise in March.\"\n \nYou will see April has a tagging error for date and location.",
    "LastUpdatedDate": "2013-02-21T16:16:54.04-08:00",
    "PlannedForRelease": "",
    "ReleaseVisibleToPublic": false,
    "Priority": {
      "Name": "Low",
      "Severity": 50,
      "Id": 1
    },
    "ProjectName": "sharpnlp",
    "ReportedDate": "2012-05-13T23:47:07.383-07:00",
    "Status": {
      "Name": "Proposed",
      "Id": 1
    },
    "ReasonClosed": {
      "Name": "Unassigned"
    },
    "Summary": "Bug in NameFinder tagging",
    "Type": {
      "Name": "Issue",
      "Id": 3
    },
    "VoteCount": 1,
    "Id": 32708
  },
  "FileAttachments": [],
  "Comments": []
}