[
  {
    "Id": "0",
    "Name": "SharpNLP 1.0.2529 Beta",
    "DevelopmentStatus": "None",
    "Description": "Includes SharpEntropy (port of Java Maxent library), OpenNLP (port of Java OpenNLP library), SharpWordNet (WordNet access library), SQLite reader/writer for SharpEntropy, and small example applications.\r\n\r\nNote that to run these tools, you will need a copy of the WordNet 2.1 database (available at http://wordnet.princeton.edu/obtain) and copies of the model files (see separate release).\r\n\r\n",
    "ReleasedDatge": "0001-01-01T00:00:00",
    "ModifiedDate": "0001-01-01T00:00:00",
    "Files": [
      {
        "Id": "ead4166e-0d8c-417e-adfa-4600f63bbf0c",
        "FileName": "SharpNLP-1.0.2529-Bin.zip",
        "Url": "./0/ead4166e-0d8c-417e-adfa-4600f63bbf0c",
        "Type": "Application",
        "UploadDate": "2006-12-04T14:34:28.673-08:00"
      },
      {
        "Id": "ba680c9b-96a6-4b51-91af-d6f660f91a2a",
        "FileName": "SharpNLP-1.0.2529-Src.zip",
        "Url": "./0/ba680c9b-96a6-4b51-91af-d6f660f91a2a",
        "Type": "Source Code",
        "UploadDate": "2006-12-04T14:34:28.687-08:00"
      }
    ]
  },
  {
    "Id": "1",
    "Name": "NBin Models 1.0.0 Production",
    "DevelopmentStatus": "None",
    "Description": "Maximum entropy models in .NET binary format (.nbin)",
    "ReleasedDatge": "0001-01-01T00:00:00",
    "ModifiedDate": "0001-01-01T00:00:00",
    "Files": [
      {
        "Id": "9cc51495-2822-4731-94d3-80bcdd056876",
        "FileName": "organization.nbin",
        "Url": "./1/9cc51495-2822-4731-94d3-80bcdd056876",
        "Type": "Application",
        "UploadDate": "2006-12-05T14:08:01.753-08:00"
      },
      {
        "Id": "ee4afaad-884c-48a5-ab0e-eb9ac4828ffd",
        "FileName": "EnglishChunk.nbin",
        "Url": "./1/ee4afaad-884c-48a5-ab0e-eb9ac4828ffd",
        "Type": "Application",
        "UploadDate": "2006-12-04T15:00:19.583-08:00"
      },
      {
        "Id": "bf78c7b1-f4cb-4092-8303-e8e206dad945",
        "FileName": "EnglishPOS.nbin",
        "Url": "./1/bf78c7b1-f4cb-4092-8303-e8e206dad945",
        "Type": "Application",
        "UploadDate": "2006-12-04T15:00:19.847-08:00"
      },
      {
        "Id": "b3711d69-7773-4b56-b897-b1d587030519",
        "FileName": "EnglishSD.nbin",
        "Url": "./1/b3711d69-7773-4b56-b897-b1d587030519",
        "Type": "Application",
        "UploadDate": "2006-12-04T15:00:20.253-08:00"
      },
      {
        "Id": "57909265-cbbb-4e42-8c8d-558048041d0b",
        "FileName": "EnglishTok.nbin",
        "Url": "./1/57909265-cbbb-4e42-8c8d-558048041d0b",
        "Type": "Application",
        "UploadDate": "2006-12-04T15:01:21.8-08:00"
      },
      {
        "Id": "e1930124-aa0b-483c-bfb7-2b2f5d3f56c6",
        "FileName": "check.nbin",
        "Url": "./1/e1930124-aa0b-483c-bfb7-2b2f5d3f56c6",
        "Type": "Application",
        "UploadDate": "2006-12-05T10:50:45.673-08:00"
      },
      {
        "Id": "bd702d38-e96c-4dda-b54f-9f9b4ed872ab",
        "FileName": "chunk.nbin",
        "Url": "./1/bd702d38-e96c-4dda-b54f-9f9b4ed872ab",
        "Type": "Application",
        "UploadDate": "2006-12-05T11:35:54.877-08:00"
      },
      {
        "Id": "69fad0de-0c76-4215-878d-21660014ed55",
        "FileName": "date.nbin",
        "Url": "./1/69fad0de-0c76-4215-878d-21660014ed55",
        "Type": "Application",
        "UploadDate": "2006-12-05T13:44:10.127-08:00"
      },
      {
        "Id": "56cb0084-ba46-449c-b121-a4e3cc62427f",
        "FileName": "location.nbin",
        "Url": "./1/56cb0084-ba46-449c-b121-a4e3cc62427f",
        "Type": "Application",
        "UploadDate": "2006-12-05T13:52:02.527-08:00"
      },
      {
        "Id": "f6c88b63-8635-480d-83f3-5d8993403e24",
        "FileName": "money.nbin",
        "Url": "./1/f6c88b63-8635-480d-83f3-5d8993403e24",
        "Type": "Application",
        "UploadDate": "2006-12-05T14:00:19.503-08:00"
      },
      {
        "Id": "32aed85b-7620-4569-9757-0a4185eb6b17",
        "FileName": "percentage.nbin",
        "Url": "./1/32aed85b-7620-4569-9757-0a4185eb6b17",
        "Type": "Application",
        "UploadDate": "2006-12-05T14:15:51.837-08:00"
      },
      {
        "Id": "1f24665c-5c0b-4e26-b25c-b689af9e76cd",
        "FileName": "person.nbin",
        "Url": "./1/1f24665c-5c0b-4e26-b25c-b689af9e76cd",
        "Type": "Application",
        "UploadDate": "2006-12-05T14:22:28.457-08:00"
      },
      {
        "Id": "ec520bf9-18fc-4e40-bbef-26c22662fa96",
        "FileName": "time.nbin",
        "Url": "./1/ec520bf9-18fc-4e40-bbef-26c22662fa96",
        "Type": "Application",
        "UploadDate": "2006-12-05T14:29:11.863-08:00"
      },
      {
        "Id": "632476be-6abe-4481-b922-15087fbeba00",
        "FileName": "Coref.zip",
        "Url": "./1/632476be-6abe-4481-b922-15087fbeba00",
        "Type": "Application",
        "UploadDate": "2006-12-05T14:32:32.113-08:00"
      },
      {
        "Id": "54f766d6-e5fe-4105-b0ea-4b8960c5355b",
        "FileName": "build.nbin",
        "Url": "./1/54f766d6-e5fe-4105-b0ea-4b8960c5355b",
        "Type": "Application",
        "UploadDate": "2006-12-12T01:25:45.437-08:00"
      },
      {
        "Id": "d17fd531-682f-4b05-945b-f83433e6e5dd",
        "FileName": "tagdict",
        "Url": "./1/d17fd531-682f-4b05-945b-f83433e6e5dd",
        "Type": "Application",
        "UploadDate": "2006-12-13T12:26:10.64-08:00"
      },
      {
        "Id": "7669754e-fddc-403a-8ccc-207fb05ceae5",
        "FileName": "head_rules",
        "Url": "./1/7669754e-fddc-403a-8ccc-207fb05ceae5",
        "Type": "Application",
        "UploadDate": "2006-12-13T12:26:10.64-08:00"
      },
      {
        "Id": "fc557da9-055f-4746-8746-37e825ee87b0",
        "FileName": "tag.nbin",
        "Url": "./1/fc557da9-055f-4746-8746-37e825ee87b0",
        "Type": "Application",
        "UploadDate": "2006-12-13T12:32:43.79-08:00"
      }
    ]
  }
]