[
  {
    "Title": "Home",
    "Id": "14356",
    "ParentWikiTitle": "",
    "FileExtension": "codeplexwiki",
    "UpdatedDate": "2006-12-13T13:23:35.953-08:00",
    "FileAttachments": [
      {
        "Id": "310edd9f-bf7f-49f7-932c-0d8453ca0fff",
        "FileName": "englishparsing1.JPG",
        "DownloadUri": "./14356/310edd9f-bf7f-49f7-932c-0d8453ca0fff"
      }
    ]
  },
  {
    "Title": "Installation Instructions",
    "Id": "14355",
    "ParentWikiTitle": "Home",
    "FileExtension": "codeplexwiki",
    "UpdatedDate": "2006-12-13T13:19:06.43-08:00",
    "FileAttachments": [
      {
        "Id": "e5312214-7eab-40ca-9d42-70745151e878",
        "FileName": "folder_arrangement.GIF",
        "DownloadUri": "./14355/e5312214-7eab-40ca-9d42-70745151e878"
      }
    ]
  },
  {
    "Title": "Developer Guide",
    "Id": "6153",
    "ParentWikiTitle": "Home",
    "FileExtension": "codeplexwiki",
    "UpdatedDate": "2006-09-02T16:16:40.733-07:00",
    "FileAttachments": [
      {
        "Id": "cb902303-28a8-4370-bddd-1f2e853d7a2f",
        "FileName": "ProjectDependency.jpg",
        "DownloadUri": "./6153/cb902303-28a8-4370-bddd-1f2e853d7a2f"
      }
    ]
  },
  {
    "Title": "Wiki Markup Guide",
    "Id": "4597",
    "ParentWikiTitle": "",
    "FileExtension": "codeplexwiki",
    "UpdatedDate": "2006-08-15T13:39:57.31-07:00",
    "FileAttachments": [
      {
        "Id": "631b8741-12b8-4b77-a2bc-6af92be2f556",
        "FileName": "project_icon_lrg.gif",
        "DownloadUri": "./4597/631b8741-12b8-4b77-a2bc-6af92be2f556"
      }
    ]
  }
]
